PitchNo,Date,Time,UTCDate,UTCTime,PAofInning,PitchofPA,Pitcher,PitcherId,PitcherThrows,PitcherTeam,Batter,BatterId,BatterSide,BatterTeam,PitcherSet,Inning,Top/Bottom,Outs,Balls,Strikes,TaggedPitchType,AutoPitchType,PitchCall,KorBB,TaggedHitType,AutoHitType,PlayResult,OutsOnPlay,RunsScored,Notes,RelSpeed,VertRelAngle,HorzRelAngle,SpinRate,SpinAxis,Tilt,RelHeight,RelSide,Extension,VertBreak,InducedVertBreak,HorzBreak,PlateLocHeight,PlateLocSide,ZoneSpeed,VertApprAngle,HorzApprAngle,ZoneTime,ExitSpeed,Angle,Direction,HitSpinRate,PositionAt110X,PositionAt110Y,PositionAt110Z,Distance,LastTrackedDistance,Bearing,HangTime,pfxx,pfxz,x0,y0,z0,vx0,vy0,vz0,ax0,ay0,az0,HomeTeam,AwayTeam,Stadium,Level,League,GameID,PitchUID,GameUID,System,HomeTeamForeignID,AwayTeamForeignID,GameForeignID,Catcher,CatcherId,CatcherThrows,CatcherTeam,EffectiveVelo,MaxHeight,MeasuredDuration,SpeedDrop,PitchLastMeasuredX,PitchLastMeasuredY,PitchLastMeasuredZ,PitchTrajectoryXc0,PitchTrajectoryXc1,PitchTrajectoryXc2,PitchTrajectoryYc0,PitchTrajectoryYc1,PitchTrajectoryYc2,PitchTrajectoryZc0,PitchTrajectoryZc1,PitchTrajectoryZc2,ContactPositionX,ContactPositionY,ContactPositionZ,HitSpinAxis,HitTrajectoryXc0,HitTrajectoryXc1,HitTrajectoryXc2,HitTrajectoryXc3,HitTrajectoryXc4,HitTrajectoryXc5,HitTrajectoryXc6,HitTrajectoryXc7,HitTrajectoryXc8,HitTrajectoryYc0,HitTrajectoryYc1,HitTrajectoryYc2,HitTrajectoryYc3,HitTrajectoryYc4,HitTrajectoryYc5,HitTrajectoryYc6,HitTrajectoryYc7,HitTrajectoryYc8,HitTrajectoryZc0,HitTrajectoryZc1,HitTrajectoryZc2,HitTrajectoryZc3,HitTrajectoryZc4,HitTrajectoryZc5,HitTrajectoryZc6,HitTrajectoryZc7,HitTrajectoryZc8,ThrowSpeed,PopTime,ExchangeTime,TimeToBase,CatchPositionX,CatchPositionY,CatchPositionZ,ThrowPositionX,ThrowPositionY,ThrowPositionZ,BasePositionX,BasePositionY,BasePositionZ,ThrowTrajectoryXc0,ThrowTrajectoryXc1,ThrowTrajectoryXc2,ThrowTrajectoryYc0,ThrowTrajectoryYc1,ThrowTrajectoryYc2,ThrowTrajectoryZc0,ThrowTrajectoryZc1,ThrowTrajectoryZc2,umpire
1,2020/11/8,,2020/11/8,,1,1,"Kosuke, Morita",1000073314,Right,KEI_KEI,"Ginsuke, Kaneko",1000073884,Right,WAS_EDA,,1,Top,0,0,0,,,InPlay,Undefined,GroundBall,,Out,1,0,,,,,,,,,,,,,,,,,,,,,,,,,,,,,,,,,,,,,,,,,,KEI_KEI,WAS_EDA,JinguStadium,TeamExclusive,Team,20201107-JinguStadium-1,,,v3,,,,,,,KEI_KEI,,,,,,,,,,,,,,,,,,,,,,,,,,,,,,,,,,,,,,,,,,,,,,,,,,,,,,,,,,,,,,,,,,,,,,山口 智久
2,2020/11/8,,2020/11/8,,2,2,"Kosuke, Morita",1000073314,Right,KEI_KEI,"Kazuto, Yoshizawa",1000074012,Right,WAS_EDA,,1,Top,1,0,0,,,StrikeCalled,Undefined,Undefined,,Undefined,0,0,,,,,,,,,,,,,,,,,,,,,,,,,,,,,,,,,,,,,,,,,,KEI_KEI,WAS_EDA,JinguStadium,TeamExclusive,Team,20201107-JinguStadium-1,,,v3,,,,,,,KEI_KEI,,,,,,,,,,,,,,,,,,,,,,,,,,,,,,,,,,,,,,,,,,,,,,,,,,,,,,,,,,,,,,,,,,,,,,山口 智久
3,2020/11/8,,2020/11/8,,2,3,"Kosuke, Morita",1000073314,Right,KEI_KEI,"Kazuto, Yoshizawa",1000074012,Right,WAS_EDA,,1,Top,1,0,1,,,BallCalled,Undefined,Undefined,,Undefined,0,0,,,,,,,,,,,,,,,,,,,,,,,,,,,,,,,,,,,,,,,,,,KEI_KEI,WAS_EDA,JinguStadium,TeamExclusive,Team,20201107-JinguStadium-1,,,v3,,,,,,,KEI_KEI,,,,,,,,,,,,,,,,,,,,,,,,,,,,,,,,,,,,,,,,,,,,,,,,,,,,,,,,,,,,,,,,,,,,,,山口 智久
4,2020/11/8,,2020/11/8,,2,4,"Kosuke, Morita",1000073314,Right,KEI_KEI,"Kazuto, Yoshizawa",1000074012,Right,WAS_EDA,,1,Top,1,1,1,,,BallCalled,Undefined,Undefined,,Undefined,0,0,,,,,,,,,,,,,,,,,,,,,,,,,,,,,,,,,,,,,,,,,,KEI_KEI,WAS_EDA,JinguStadium,TeamExclusive,Team,20201107-JinguStadium-1,,,v3,,,,,,,KEI_KEI,,,,,,,,,,,,,,,,,,,,,,,,,,,,,,,,,,,,,,,,,,,,,,,,,,,,,,,,,,,,,,,,,,,,,,山口 智久
5,2020/11/8,,2020/11/8,,2,5,"Kosuke, Morita",1000073314,Right,KEI_KEI,"Kazuto, Yoshizawa",1000074012,Right,WAS_EDA,,1,Top,1,2,1,,,StrikeSwinging,Undefined,Undefined,,Undefined,0,0,,,,,,,,,,,,,,,,,,,,,,,,,,,,,,,,,,,,,,,,,,KEI_KEI,WAS_EDA,JinguStadium,TeamExclusive,Team,20201107-JinguStadium-1,,,v3,,,,,,,KEI_KEI,,,,,,,,,,,,,,,,,,,,,,,,,,,,,,,,,,,,,,,,,,,,,,,,,,,,,,,,,,,,,,,,,,,,,,山口 智久
6,2020/11/8,,2020/11/8,,2,6,"Kosuke, Morita",1000073314,Right,KEI_KEI,"Kazuto, Yoshizawa",1000074012,Right,WAS_EDA,,1,Top,1,2,2,,,FoulBall,Undefined,Undefined,,Undefined,0,0,,,,,,,,,,,,,,,,,,,,,,,,,,,,,,,,,,,,,,,,,,KEI_KEI,WAS_EDA,JinguStadium,TeamExclusive,Team,20201107-JinguStadium-1,,,v3,,,,,,,KEI_KEI,,,,,,,,,,,,,,,,,,,,,,,,,,,,,,,,,,,,,,,,,,,,,,,,,,,,,,,,,,,,,,,,,,,,,,山口 智久
7,2020/11/8,,2020/11/8,,2,7,"Kosuke, Morita",1000073314,Right,KEI_KEI,"Kazuto, Yoshizawa",1000074012,Right,WAS_EDA,,1,Top,1,2,2,,,FoulBall,Undefined,Undefined,,Undefined,0,0,,,,,,,,,,,,,,,,,,,,,,,,,,,,,,,,,,,,,,,,,,KEI_KEI,WAS_EDA,JinguStadium,TeamExclusive,Team,20201107-JinguStadium-1,,,v3,,,,,,,KEI_KEI,,,,,,,,,,,,,,,,,,,,,,,,,,,,,,,,,,,,,,,,,,,,,,,,,,,,,,,,,,,,,,,,,,,,,,山口 智久
8,2020/11/8,,2020/11/8,,2,8,"Kosuke, Morita",1000073314,Right,KEI_KEI,"Kazuto, Yoshizawa",1000074012,Right,WAS_EDA,,1,Top,1,2,2,,,InPlay,Undefined,GroundBall,,Single,0,0,,,,,,,,,,,,,,,,,,,,,,,,,,,,,,,,,,,,,,,,,,KEI_KEI,WAS_EDA,JinguStadium,TeamExclusive,Team,20201107-JinguStadium-1,,,v3,,,,,,,KEI_KEI,,,,,,,,,,,,,,,,,,,,,,,,,,,,,,,,,,,,,,,,,,,,,,,,,,,,,,,,,,,,,,,,,,,,,,山口 智久
9,2020/11/8,,2020/11/8,,3,1,"Kosuke, Morita",1000073314,Right,KEI_KEI,"Kotaro, Takizawa",1000073989,Left,WAS_EDA,,1,Top,1,0,0,,,BallCalled,Undefined,Undefined,,Undefined,0,0,1,,,,,,,,,,,,,,,,,,,,,,,,,,,,,,,,,,,,,,,,,KEI_KEI,WAS_EDA,JinguStadium,TeamExclusive,Team,20201107-JinguStadium-1,,,v3,,,,,,,KEI_KEI,,,,,,,,,,,,,,,,,,,,,,,,,,,,,,,,,,,,,,,,,,,,,,,,,,,,,,,,,,,,,,,,,,,,,,山口 智久
10,2020/11/8,,2020/11/8,,3,2,"Kosuke, Morita",1000073314,Right,KEI_KEI,"Kotaro, Takizawa",1000073989,Left,WAS_EDA,,1,Top,1,1,0,,,FoulBall,Undefined,Undefined,,Undefined,0,0,1,,,,,,,,,,,,,,,,,,,,,,,,,,,,,,,,,,,,,,,,,KEI_KEI,WAS_EDA,JinguStadium,TeamExclusive,Team,20201107-JinguStadium-1,,,v3,,,,,,,KEI_KEI,,,,,,,,,,,,,,,,,,,,,,,,,,,,,,,,,,,,,,,,,,,,,,,,,,,,,,,,,,,,,,,,,,,,,,山口 智久
11,2020/11/8,,2020/11/8,,3,3,"Kosuke, Morita",1000073314,Right,KEI_KEI,"Kotaro, Takizawa",1000073989,Left,WAS_EDA,,1,Top,1,1,1,,,BallCalled,Undefined,Undefined,,Undefined,0,0,1,,,,,,,,,,,,,,,,,,,,,,,,,,,,,,,,,,,,,,,,,KEI_KEI,WAS_EDA,JinguStadium,TeamExclusive,Team,20201107-JinguStadium-1,,,v3,,,,,,,KEI_KEI,,,,,,,,,,,,,,,,,,,,,,,,,,,,,,,,,,,,,,,,,,,,,,,,,,,,,,,,,,,,,,,,,,,,,,山口 智久
12,2020/11/8,,2020/11/8,,3,4,"Kosuke, Morita",1000073314,Right,KEI_KEI,"Kotaro, Takizawa",1000073989,Left,WAS_EDA,,1,Top,1,2,1,,,BallCalled,Undefined,Undefined,,Undefined,0,0,1,,,,,,,,,,,,,,,,,,,,,,,,,,,,,,,,,,,,,,,,,KEI_KEI,WAS_EDA,JinguStadium,TeamExclusive,Team,20201107-JinguStadium-1,,,v3,,,,,,,KEI_KEI,,,,,,,,,,,,,,,,,,,,,,,,,,,,,,,,,,,,,,,,,,,,,,,,,,,,,,,,,,,,,,,,,,,,,,山口 智久
13,2020/11/8,,2020/11/8,,3,5,"Kosuke, Morita",1000073314,Right,KEI_KEI,"Kotaro, Takizawa",1000073989,Left,WAS_EDA,,1,Top,1,3,1,,,BallCalled,Walk,Undefined,,Undefined,0,0,1,,,,,,,,,,,,,,,,,,,,,,,,,,,,,,,,,,,,,,,,,KEI_KEI,WAS_EDA,JinguStadium,TeamExclusive,Team,20201107-JinguStadium-1,,,v3,,,,,,,KEI_KEI,,,,,,,,,,,,,,,,,,,,,,,,,,,,,,,,,,,,,,,,,,,,,,,,,,,,,,,,,,,,,,,,,,,,,,山口 智久
14,2020/11/8,,2020/11/8,,4,1,"Kosuke, Morita",1000073314,Right,KEI_KEI,"Hisashige, Iwamoto",1000074023,Right,WAS_EDA,,1,Top,1,0,0,,,BallCalled,Undefined,Undefined,,Undefined,0,0,"1,2",,,,,,,,,,,,,,,,,,,,,,,,,,,,,,,,,,,,,,,,,KEI_KEI,WAS_EDA,JinguStadium,TeamExclusive,Team,20201107-JinguStadium-1,,,v3,,,,,,,KEI_KEI,,,,,,,,,,,,,,,,,,,,,,,,,,,,,,,,,,,,,,,,,,,,,,,,,,,,,,,,,,,,,,,,,,,,,,山口 智久
15,2020/11/8,,2020/11/8,,4,2,"Kosuke, Morita",1000073314,Right,KEI_KEI,"Hisashige, Iwamoto",1000074023,Right,WAS_EDA,,1,Top,1,1,0,,,FoulBall,Undefined,Undefined,,Undefined,0,0,"1,2",,,,,,,,,,,,,,,,,,,,,,,,,,,,,,,,,,,,,,,,,KEI_KEI,WAS_EDA,JinguStadium,TeamExclusive,Team,20201107-JinguStadium-1,,,v3,,,,,,,KEI_KEI,,,,,,,,,,,,,,,,,,,,,,,,,,,,,,,,,,,,,,,,,,,,,,,,,,,,,,,,,,,,,,,,,,,,,,山口 智久
16,2020/11/8,,2020/11/8,,4,3,"Kosuke, Morita",1000073314,Right,KEI_KEI,"Hisashige, Iwamoto",1000074023,Right,WAS_EDA,,1,Top,1,1,1,,,StrikeCalled,Undefined,Undefined,,Undefined,0,0,"1,2",,,,,,,,,,,,,,,,,,,,,,,,,,,,,,,,,,,,,,,,,KEI_KEI,WAS_EDA,JinguStadium,TeamExclusive,Team,20201107-JinguStadium-1,,,v3,,,,,,,KEI_KEI,,,,,,,,,,,,,,,,,,,,,,,,,,,,,,,,,,,,,,,,,,,,,,,,,,,,,,,,,,,,,,,,,,,,,,山口 智久
17,2020/11/8,,2020/11/8,,4,4,"Kosuke, Morita",1000073314,Right,KEI_KEI,"Hisashige, Iwamoto",1000074023,Right,WAS_EDA,,1,Top,1,1,2,,,BallCalled,Undefined,Undefined,,Undefined,0,0,"1,2",,,,,,,,,,,,,,,,,,,,,,,,,,,,,,,,,,,,,,,,,KEI_KEI,WAS_EDA,JinguStadium,TeamExclusive,Team,20201107-JinguStadium-1,,,v3,,,,,,,KEI_KEI,,,,,,,,,,,,,,,,,,,,,,,,,,,,,,,,,,,,,,,,,,,,,,,,,,,,,,,,,,,,,,,,,,,,,,山口 智久
18,2020/11/8,,2020/11/8,,4,5,"Kosuke, Morita",1000073314,Right,KEI_KEI,"Hisashige, Iwamoto",1000074023,Right,WAS_EDA,,1,Top,1,2,2,,,InPlay,Undefined,FlyBall,,Out,1,0,"1,2",,,,,,,,,,,,,,,,,,,,,,,,,,,,,,,,,,,,,,,,,KEI_KEI,WAS_EDA,JinguStadium,TeamExclusive,Team,20201107-JinguStadium-1,,,v3,,,,,,,KEI_KEI,,,,,,,,,,,,,,,,,,,,,,,,,,,,,,,,,,,,,,,,,,,,,,,,,,,,,,,,,,,,,,,,,,,,,,山口 智久
19,2020/11/8,,2020/11/8,,5,1,"Kosuke, Morita",1000073314,Right,KEI_KEI,"Masashi, Maruyama",1000074031,Left,WAS_EDA,,1,Top,2,0,0,,,BallCalled,Undefined,Undefined,,Undefined,0,0,"1,2",,,,,,,,,,,,,,,,,,,,,,,,,,,,,,,,,,,,,,,,,KEI_KEI,WAS_EDA,JinguStadium,TeamExclusive,Team,20201107-JinguStadium-1,,,v3,,,,,,,KEI_KEI,,,,,,,,,,,,,,,,,,,,,,,,,,,,,,,,,,,,,,,,,,,,,,,,,,,,,,,,,,,,,,,,,,,,,,山口 智久
20,2020/11/8,,2020/11/8,,5,2,"Kosuke, Morita",1000073314,Right,KEI_KEI,"Masashi, Maruyama",1000074031,Left,WAS_EDA,,1,Top,2,1,0,,,StrikeSwinging,Undefined,Undefined,,Undefined,0,0,"1,2",,,,,,,,,,,,,,,,,,,,,,,,,,,,,,,,,,,,,,,,,KEI_KEI,WAS_EDA,JinguStadium,TeamExclusive,Team,20201107-JinguStadium-1,,,v3,,,,,,,KEI_KEI,,,,,,,,,,,,,,,,,,,,,,,,,,,,,,,,,,,,,,,,,,,,,,,,,,,,,,,,,,,,,,,,,,,,,,山口 智久
21,2020/11/8,,2020/11/8,,5,3,"Kosuke, Morita",1000073314,Right,KEI_KEI,"Masashi, Maruyama",1000074031,Left,WAS_EDA,,1,Top,2,1,1,,,InPlay,Undefined,GroundBall,,Out,1,0,"1,2",,,,,,,,,,,,,,,,,,,,,,,,,,,,,,,,,,,,,,,,,KEI_KEI,WAS_EDA,JinguStadium,TeamExclusive,Team,20201107-JinguStadium-1,,,v3,,,,,,,KEI_KEI,,,,,,,,,,,,,,,,,,,,,,,,,,,,,,,,,,,,,,,,,,,,,,,,,,,,,,,,,,,,,,,,,,,,,,山口 智久
22,2020/11/8,,2020/11/8,,1,1,"Takumi, Imanishi",1000073880,Left,WAS_EDA,"Haruto, Watanabe",1000073445,Right,KEI_KEI,,1,Bottom,0,0,0,,,BallCalled,Undefined,Undefined,,Undefined,0,0,,,,,,,,,,,,,,,,,,,,,,,,,,,,,,,,,,,,,,,,,,KEI_KEI,WAS_EDA,JinguStadium,TeamExclusive,Team,20201107-JinguStadium-1,,,v3,,,,,,,WAS_EDA,,,,,,,,,,,,,,,,,,,,,,,,,,,,,,,,,,,,,,,,,,,,,,,,,,,,,,,,,,,,,,,,,,,,,,山口 智久
23,2020/11/8,,2020/11/8,,1,2,"Takumi, Imanishi",1000073880,Left,WAS_EDA,"Haruto, Watanabe",1000073445,Right,KEI_KEI,,1,Bottom,0,1,0,,,BallCalled,Undefined,Undefined,,Undefined,0,0,,,,,,,,,,,,,,,,,,,,,,,,,,,,,,,,,,,,,,,,,,KEI_KEI,WAS_EDA,JinguStadium,TeamExclusive,Team,20201107-JinguStadium-1,,,v3,,,,,,,WAS_EDA,,,,,,,,,,,,,,,,,,,,,,,,,,,,,,,,,,,,,,,,,,,,,,,,,,,,,,,,,,,,,,,,,,,,,,山口 智久
24,2020/11/8,,2020/11/8,,1,3,"Takumi, Imanishi",1000073880,Left,WAS_EDA,"Haruto, Watanabe",1000073445,Right,KEI_KEI,,1,Bottom,0,2,0,,,BallCalled,Undefined,Undefined,,Undefined,0,0,,,,,,,,,,,,,,,,,,,,,,,,,,,,,,,,,,,,,,,,,,KEI_KEI,WAS_EDA,JinguStadium,TeamExclusive,Team,20201107-JinguStadium-1,,,v3,,,,,,,WAS_EDA,,,,,,,,,,,,,,,,,,,,,,,,,,,,,,,,,,,,,,,,,,,,,,,,,,,,,,,,,,,,,,,,,,,,,,山口 智久
25,2020/11/8,,2020/11/8,,1,4,"Takumi, Imanishi",1000073880,Left,WAS_EDA,"Haruto, Watanabe",1000073445,Right,KEI_KEI,,1,Bottom,0,3,0,,,StrikeCalled,Undefined,Undefined,,Undefined,0,0,,,,,,,,,,,,,,,,,,,,,,,,,,,,,,,,,,,,,,,,,,KEI_KEI,WAS_EDA,JinguStadium,TeamExclusive,Team,20201107-JinguStadium-1,,,v3,,,,,,,WAS_EDA,,,,,,,,,,,,,,,,,,,,,,,,,,,,,,,,,,,,,,,,,,,,,,,,,,,,,,,,,,,,,,,,,,,,,,山口 智久
26,2020/11/8,,2020/11/8,,1,5,"Takumi, Imanishi",1000073880,Left,WAS_EDA,"Haruto, Watanabe",1000073445,Right,KEI_KEI,,1,Bottom,0,3,1,,,BallCalled,Walk,Undefined,,Undefined,0,0,,,,,,,,,,,,,,,,,,,,,,,,,,,,,,,,,,,,,,,,,,KEI_KEI,WAS_EDA,JinguStadium,TeamExclusive,Team,20201107-JinguStadium-1,,,v3,,,,,,,WAS_EDA,,,,,,,,,,,,,,,,,,,,,,,,,,,,,,,,,,,,,,,,,,,,,,,,,,,,,,,,,,,,,,,,,,,,,,山口 智久
27,2020/11/8,,2020/11/8,,2,1,"Takumi, Imanishi",1000073880,Left,WAS_EDA,"Ryuta, Hirose",1000089826,Right,KEI_KEI,,1,Bottom,0,0,0,,,InPlay,Undefined,GroundBall,,Single,0,0,1,,,,,,,,,,,,,,,,,,,,,,,,,,,,,,,,,,,,,,,,,KEI_KEI,WAS_EDA,JinguStadium,TeamExclusive,Team,20201107-JinguStadium-1,,,v3,,,,,,,WAS_EDA,,,,,,,,,,,,,,,,,,,,,,,,,,,,,,,,,,,,,,,,,,,,,,,,,,,,,,,,,,,,,,,,,,,,,,山口 智久
28,2020/11/8,,2020/11/8,,3,1,"Takumi, Imanishi",1000073880,Left,WAS_EDA,"Yusuke, Shimoyama",1000073403,Left,KEI_KEI,,1,Bottom,0,0,0,,,BallCalled,Undefined,Undefined,,Undefined,0,0,"1,2",,,,,,,,,,,,,,,,,,,,,,,,,,,,,,,,,,,,,,,,,KEI_KEI,WAS_EDA,JinguStadium,TeamExclusive,Team,20201107-JinguStadium-1,,,v3,,,,,,,WAS_EDA,,,,,,,,,,,,,,,,,,,,,,,,,,,,,,,,,,,,,,,,,,,,,,,,,,,,,,,,,,,,,,,,,,,,,,山口 智久
29,2020/11/8,,2020/11/8,,3,2,"Takumi, Imanishi",1000073880,Left,WAS_EDA,"Yusuke, Shimoyama",1000073403,Left,KEI_KEI,,1,Bottom,0,1,0,,,StrikeCalled,Undefined,Undefined,,Undefined,0,0,"1,2",,,,,,,,,,,,,,,,,,,,,,,,,,,,,,,,,,,,,,,,,KEI_KEI,WAS_EDA,JinguStadium,TeamExclusive,Team,20201107-JinguStadium-1,,,v3,,,,,,,WAS_EDA,,,,,,,,,,,,,,,,,,,,,,,,,,,,,,,,,,,,,,,,,,,,,,,,,,,,,,,,,,,,,,,,,,,,,,山口 智久
30,2020/11/8,,2020/11/8,,3,3,"Takumi, Imanishi",1000073880,Left,WAS_EDA,"Yusuke, Shimoyama",1000073403,Left,KEI_KEI,,1,Bottom,0,1,1,,,FoulBall,Undefined,Undefined,,Undefined,0,0,"1,2",,,,,,,,,,,,,,,,,,,,,,,,,,,,,,,,,,,,,,,,,KEI_KEI,WAS_EDA,JinguStadium,TeamExclusive,Team,20201107-JinguStadium-1,,,v3,,,,,,,WAS_EDA,,,,,,,,,,,,,,,,,,,,,,,,,,,,,,,,,,,,,,,,,,,,,,,,,,,,,,,,,,,,,,,,,,,,,,山口 智久
31,2020/11/8,,2020/11/8,,3,4,"Takumi, Imanishi",1000073880,Left,WAS_EDA,"Yusuke, Shimoyama",1000073403,Left,KEI_KEI,,1,Bottom,0,1,2,,,BallCalled,Undefined,Undefined,,Undefined,0,0,"1,2",,,,,,,,,,,,,,,,,,,,,,,,,,,,,,,,,,,,,,,,,KEI_KEI,WAS_EDA,JinguStadium,TeamExclusive,Team,20201107-JinguStadium-1,,,v3,,,,,,,WAS_EDA,,,,,,,,,,,,,,,,,,,,,,,,,,,,,,,,,,,,,,,,,,,,,,,,,,,,,,,,,,,,,,,,,,,,,,山口 智久
32,2020/11/8,,2020/11/8,,3,5,"Takumi, Imanishi",1000073880,Left,WAS_EDA,"Yusuke, Shimoyama",1000073403,Left,KEI_KEI,,1,Bottom,0,2,2,,,BallCalled,Undefined,Undefined,,Undefined,0,0,"1,2",,,,,,,,,,,,,,,,,,,,,,,,,,,,,,,,,,,,,,,,,KEI_KEI,WAS_EDA,JinguStadium,TeamExclusive,Team,20201107-JinguStadium-1,,,v3,,,,,,,WAS_EDA,,,,,,,,,,,,,,,,,,,,,,,,,,,,,,,,,,,,,,,,,,,,,,,,,,,,,,,,,,,,,,,,,,,,,,山口 智久
33,2020/11/8,,2020/11/8,,3,6,"Takumi, Imanishi",1000073880,Left,WAS_EDA,"Yusuke, Shimoyama",1000073403,Left,KEI_KEI,,1,Bottom,0,3,2,,,InPlay,Undefined,GroundBall,,Out,2,0,"1,2",,,,,,,,,,,,,,,,,,,,,,,,,,,,,,,,,,,,,,,,,KEI_KEI,WAS_EDA,JinguStadium,TeamExclusive,Team,20201107-JinguStadium-1,,,v3,,,,,,,WAS_EDA,,,,,,,,,,,,,,,,,,,,,,,,,,,,,,,,,,,,,,,,,,,,,,,,,,,,,,,,,,,,,,,,,,,,,,山口 智久
34,2020/11/8,,2020/11/8,,4,1,"Takumi, Imanishi",1000073880,Left,WAS_EDA,"Tomoya, Masaki",1000073443,Right,KEI_KEI,,1,Bottom,2,0,0,,,BallCalled,Undefined,Undefined,,Undefined,0,0,1,,,,,,,,,,,,,,,,,,,,,,,,,,,,,,,,,,,,,,,,,KEI_KEI,WAS_EDA,JinguStadium,TeamExclusive,Team,20201107-JinguStadium-1,,,v3,,,,,,,WAS_EDA,,,,,,,,,,,,,,,,,,,,,,,,,,,,,,,,,,,,,,,,,,,,,,,,,,,,,,,,,,,,,,,,,,,,,,山口 智久
35,2020/11/8,,2020/11/8,,4,2,"Takumi, Imanishi",1000073880,Left,WAS_EDA,"Tomoya, Masaki",1000073443,Right,KEI_KEI,,1,Bottom,2,1,0,,,StrikeCalled,Undefined,Undefined,,Undefined,0,0,1,,,,,,,,,,,,,,,,,,,,,,,,,,,,,,,,,,,,,,,,,KEI_KEI,WAS_EDA,JinguStadium,TeamExclusive,Team,20201107-JinguStadium-1,,,v3,,,,,,,WAS_EDA,,,,,,,,,,,,,,,,,,,,,,,,,,,,,,,,,,,,,,,,,,,,,,,,,,,,,,,,,,,,,,,,,,,,,,山口 智久
36,2020/11/8,,2020/11/8,,4,3,"Takumi, Imanishi",1000073880,Left,WAS_EDA,"Tomoya, Masaki",1000073443,Right,KEI_KEI,,1,Bottom,2,1,1,,,BallCalled,Undefined,Undefined,,Undefined,0,0,1,,,,,,,,,,,,,,,,,,,,,,,,,,,,,,,,,,,,,,,,,KEI_KEI,WAS_EDA,JinguStadium,TeamExclusive,Team,20201107-JinguStadium-1,,,v3,,,,,,,WAS_EDA,,,,,,,,,,,,,,,,,,,,,,,,,,,,,,,,,,,,,,,,,,,,,,,,,,,,,,,,,,,,,,,,,,,,,,山口 智久
37,2020/11/8,,2020/11/8,,4,4,"Takumi, Imanishi",1000073880,Left,WAS_EDA,"Tomoya, Masaki",1000073443,Right,KEI_KEI,,1,Bottom,2,2,1,,,BallCalled,Undefined,Undefined,,Undefined,0,0,1,,,,,,,,,,,,,,,,,,,,,,,,,,,,,,,,,,,,,,,,,KEI_KEI,WAS_EDA,JinguStadium,TeamExclusive,Team,20201107-JinguStadium-1,,,v3,,,,,,,WAS_EDA,,,,,,,,,,,,,,,,,,,,,,,,,,,,,,,,,,,,,,,,,,,,,,,,,,,,,,,,,,,,,,,,,,,,,,山口 智久
38,2020/11/8,,2020/11/8,,4,5,"Takumi, Imanishi",1000073880,Left,WAS_EDA,"Tomoya, Masaki",1000073443,Right,KEI_KEI,,1,Bottom,2,3,1,,,BallCalled,Walk,Undefined,,Undefined,0,0,1,,,,,,,,,,,,,,,,,,,,,,,,,,,,,,,,,,,,,,,,,KEI_KEI,WAS_EDA,JinguStadium,TeamExclusive,Team,20201107-JinguStadium-1,,,v3,,,,,,,WAS_EDA,,,,,,,,,,,,,,,,,,,,,,,,,,,,,,,,,,,,,,,,,,,,,,,,,,,,,,,,,,,,,,,,,,,,,,山口 智久
39,2020/11/8,,2020/11/8,,5,1,"Takumi, Imanishi",1000073880,Left,WAS_EDA,"Noriyuki, Hashimoto",1000073442,Left,KEI_KEI,,1,Bottom,2,0,0,,,StrikeCalled,Undefined,Undefined,,Undefined,0,0,"1,2",,,,,,,,,,,,,,,,,,,,,,,,,,,,,,,,,,,,,,,,,KEI_KEI,WAS_EDA,JinguStadium,TeamExclusive,Team,20201107-JinguStadium-1,,,v3,,,,,,,WAS_EDA,,,,,,,,,,,,,,,,,,,,,,,,,,,,,,,,,,,,,,,,,,,,,,,,,,,,,,,,,,,,,,,,,,,,,,山口 智久
40,2020/11/8,,2020/11/8,,5,2,"Takumi, Imanishi",1000073880,Left,WAS_EDA,"Noriyuki, Hashimoto",1000073442,Left,KEI_KEI,,1,Bottom,2,0,1,,,StrikeSwinging,Undefined,Undefined,,Undefined,0,0,"1,2",,,,,,,,,,,,,,,,,,,,,,,,,,,,,,,,,,,,,,,,,KEI_KEI,WAS_EDA,JinguStadium,TeamExclusive,Team,20201107-JinguStadium-1,,,v3,,,,,,,WAS_EDA,,,,,,,,,,,,,,,,,,,,,,,,,,,,,,,,,,,,,,,,,,,,,,,,,,,,,,,,,,,,,,,,,,,,,,山口 智久
41,2020/11/8,,2020/11/8,,5,3,"Takumi, Imanishi",1000073880,Left,WAS_EDA,"Noriyuki, Hashimoto",1000073442,Left,KEI_KEI,,1,Bottom,2,0,2,,,StrikeCalled,Strikeout,Undefined,,Undefined,0,0,"1,2",,,,,,,,,,,,,,,,,,,,,,,,,,,,,,,,,,,,,,,,,KEI_KEI,WAS_EDA,JinguStadium,TeamExclusive,Team,20201107-JinguStadium-1,,,v3,,,,,,,WAS_EDA,,,,,,,,,,,,,,,,,,,,,,,,,,,,,,,,,,,,,,,,,,,,,,,,,,,,,,,,,,,,,,,,,,,,,,山口 智久
42,2020/11/8,,2020/11/8,,1,1,"Kosuke, Morita",1000073314,Right,KEI_KEI,"Kenta, Nomura",1000089887,Right,WAS_EDA,,2,Top,0,0,0,,,StrikeSwinging,Undefined,Undefined,,Undefined,0,0,,,,,,,,,,,,,,,,,,,,,,,,,,,,,,,,,,,,,,,,,,KEI_KEI,WAS_EDA,JinguStadium,TeamExclusive,Team,20201107-JinguStadium-1,,,v3,,,,,,,KEI_KEI,,,,,,,,,,,,,,,,,,,,,,,,,,,,,,,,,,,,,,,,,,,,,,,,,,,,,,,,,,,,,,,,,,,,,,山口 智久
43,2020/11/8,,2020/11/8,,1,2,"Kosuke, Morita",1000073314,Right,KEI_KEI,"Kenta, Nomura",1000089887,Right,WAS_EDA,,2,Top,0,0,1,,,BallCalled,Undefined,Undefined,,Undefined,0,0,,,,,,,,,,,,,,,,,,,,,,,,,,,,,,,,,,,,,,,,,,KEI_KEI,WAS_EDA,JinguStadium,TeamExclusive,Team,20201107-JinguStadium-1,,,v3,,,,,,,KEI_KEI,,,,,,,,,,,,,,,,,,,,,,,,,,,,,,,,,,,,,,,,,,,,,,,,,,,,,,,,,,,,,,,,,,,,,,山口 智久
44,2020/11/8,,2020/11/8,,1,3,"Kosuke, Morita",1000073314,Right,KEI_KEI,"Kenta, Nomura",1000089887,Right,WAS_EDA,,2,Top,0,1,1,,,BallCalled,Undefined,Undefined,,Undefined,0,0,,,,,,,,,,,,,,,,,,,,,,,,,,,,,,,,,,,,,,,,,,KEI_KEI,WAS_EDA,JinguStadium,TeamExclusive,Team,20201107-JinguStadium-1,,,v3,,,,,,,KEI_KEI,,,,,,,,,,,,,,,,,,,,,,,,,,,,,,,,,,,,,,,,,,,,,,,,,,,,,,,,,,,,,,,,,,,,,,山口 智久
45,2020/11/8,,2020/11/8,,1,4,"Kosuke, Morita",1000073314,Right,KEI_KEI,"Kenta, Nomura",1000089887,Right,WAS_EDA,,2,Top,0,2,1,,,StrikeCalled,Undefined,Undefined,,Undefined,0,0,,,,,,,,,,,,,,,,,,,,,,,,,,,,,,,,,,,,,,,,,,KEI_KEI,WAS_EDA,JinguStadium,TeamExclusive,Team,20201107-JinguStadium-1,,,v3,,,,,,,KEI_KEI,,,,,,,,,,,,,,,,,,,,,,,,,,,,,,,,,,,,,,,,,,,,,,,,,,,,,,,,,,,,,,,,,,,,,,山口 智久
46,2020/11/8,,2020/11/8,,1,5,"Kosuke, Morita",1000073314,Right,KEI_KEI,"Kenta, Nomura",1000089887,Right,WAS_EDA,,2,Top,0,2,2,,,FoulBall,Undefined,Undefined,,Undefined,0,0,,,,,,,,,,,,,,,,,,,,,,,,,,,,,,,,,,,,,,,,,,KEI_KEI,WAS_EDA,JinguStadium,TeamExclusive,Team,20201107-JinguStadium-1,,,v3,,,,,,,KEI_KEI,,,,,,,,,,,,,,,,,,,,,,,,,,,,,,,,,,,,,,,,,,,,,,,,,,,,,,,,,,,,,,,,,,,,,,山口 智久
47,2020/11/8,,2020/11/8,,1,6,"Kosuke, Morita",1000073314,Right,KEI_KEI,"Kenta, Nomura",1000089887,Right,WAS_EDA,,2,Top,0,2,2,,,FoulBall,Undefined,Undefined,,Undefined,0,0,,,,,,,,,,,,,,,,,,,,,,,,,,,,,,,,,,,,,,,,,,KEI_KEI,WAS_EDA,JinguStadium,TeamExclusive,Team,20201107-JinguStadium-1,,,v3,,,,,,,KEI_KEI,,,,,,,,,,,,,,,,,,,,,,,,,,,,,,,,,,,,,,,,,,,,,,,,,,,,,,,,,,,,,,,,,,,,,,山口 智久
48,2020/11/8,,2020/11/8,,1,7,"Kosuke, Morita",1000073314,Right,KEI_KEI,"Kenta, Nomura",1000089887,Right,WAS_EDA,,2,Top,0,2,2,,,InPlay,Undefined,GroundBall,,Out,1,0,,,,,,,,,,,,,,,,,,,,,,,,,,,,,,,,,,,,,,,,,,KEI_KEI,WAS_EDA,JinguStadium,TeamExclusive,Team,20201107-JinguStadium-1,,,v3,,,,,,,KEI_KEI,,,,,,,,,,,,,,,,,,,,,,,,,,,,,,,,,,,,,,,,,,,,,,,,,,,,,,,,,,,,,,,,,,,,,,山口 智久
49,2020/11/8,,2020/11/8,,2,1,"Kosuke, Morita",1000073314,Right,KEI_KEI,"Toyo, Kumada",1000089879,Left,WAS_EDA,,2,Top,1,0,0,,,BallCalled,Undefined,Undefined,,Undefined,0,0,,,,,,,,,,,,,,,,,,,,,,,,,,,,,,,,,,,,,,,,,,KEI_KEI,WAS_EDA,JinguStadium,TeamExclusive,Team,20201107-JinguStadium-1,,,v3,,,,,,,KEI_KEI,,,,,,,,,,,,,,,,,,,,,,,,,,,,,,,,,,,,,,,,,,,,,,,,,,,,,,,,,,,,,,,,,,,,,,山口 智久
50,2020/11/8,,2020/11/8,,2,2,"Kosuke, Morita",1000073314,Right,KEI_KEI,"Toyo, Kumada",1000089879,Left,WAS_EDA,,2,Top,1,1,0,,,FoulBall,Undefined,Undefined,,Undefined,0,0,,,,,,,,,,,,,,,,,,,,,,,,,,,,,,,,,,,,,,,,,,KEI_KEI,WAS_EDA,JinguStadium,TeamExclusive,Team,20201107-JinguStadium-1,,,v3,,,,,,,KEI_KEI,,,,,,,,,,,,,,,,,,,,,,,,,,,,,,,,,,,,,,,,,,,,,,,,,,,,,,,,,,,,,,,,,,,,,,山口 智久
51,2020/11/8,,2020/11/8,,2,3,"Kosuke, Morita",1000073314,Right,KEI_KEI,"Toyo, Kumada",1000089879,Left,WAS_EDA,,2,Top,1,1,1,,,FoulBall,Undefined,Undefined,,Undefined,0,0,,,,,,,,,,,,,,,,,,,,,,,,,,,,,,,,,,,,,,,,,,KEI_KEI,WAS_EDA,JinguStadium,TeamExclusive,Team,20201107-JinguStadium-1,,,v3,,,,,,,KEI_KEI,,,,,,,,,,,,,,,,,,,,,,,,,,,,,,,,,,,,,,,,,,,,,,,,,,,,,,,,,,,,,,,,,,,,,,山口 智久
52,2020/11/8,,2020/11/8,,2,4,"Kosuke, Morita",1000073314,Right,KEI_KEI,"Toyo, Kumada",1000089879,Left,WAS_EDA,,2,Top,1,1,2,,,BallCalled,Undefined,Undefined,,Undefined,0,0,,,,,,,,,,,,,,,,,,,,,,,,,,,,,,,,,,,,,,,,,,KEI_KEI,WAS_EDA,JinguStadium,TeamExclusive,Team,20201107-JinguStadium-1,,,v3,,,,,,,KEI_KEI,,,,,,,,,,,,,,,,,,,,,,,,,,,,,,,,,,,,,,,,,,,,,,,,,,,,,,,,,,,,,,,,,,,,,,山口 智久
53,2020/11/8,,2020/11/8,,2,5,"Kosuke, Morita",1000073314,Right,KEI_KEI,"Toyo, Kumada",1000089879,Left,WAS_EDA,,2,Top,1,2,2,,,FoulBall,Undefined,Undefined,,Undefined,0,0,,,,,,,,,,,,,,,,,,,,,,,,,,,,,,,,,,,,,,,,,,KEI_KEI,WAS_EDA,JinguStadium,TeamExclusive,Team,20201107-JinguStadium-1,,,v3,,,,,,,KEI_KEI,,,,,,,,,,,,,,,,,,,,,,,,,,,,,,,,,,,,,,,,,,,,,,,,,,,,,,,,,,,,,,,,,,,,,,山口 智久
54,2020/11/8,,2020/11/8,,2,6,"Kosuke, Morita",1000073314,Right,KEI_KEI,"Toyo, Kumada",1000089879,Left,WAS_EDA,,2,Top,1,2,2,,,InPlay,Undefined,Popup,,Out,1,0,,,,,,,,,,,,,,,,,,,,,,,,,,,,,,,,,,,,,,,,,,KEI_KEI,WAS_EDA,JinguStadium,TeamExclusive,Team,20201107-JinguStadium-1,,,v3,,,,,,,KEI_KEI,,,,,,,,,,,,,,,,,,,,,,,,,,,,,,,,,,,,,,,,,,,,,,,,,,,,,,,,,,,,,,,,,,,,,,山口 智久
55,2020/11/8,,2020/11/8,,3,1,"Kosuke, Morita",1000073314,Right,KEI_KEI,"Takuya, Hiruma",1000074108,Left,WAS_EDA,,2,Top,2,0,0,,,StrikeCalled,Undefined,Undefined,,Undefined,0,0,,,,,,,,,,,,,,,,,,,,,,,,,,,,,,,,,,,,,,,,,,KEI_KEI,WAS_EDA,JinguStadium,TeamExclusive,Team,20201107-JinguStadium-1,,,v3,,,,,,,KEI_KEI,,,,,,,,,,,,,,,,,,,,,,,,,,,,,,,,,,,,,,,,,,,,,,,,,,,,,,,,,,,,,,,,,,,,,,山口 智久
56,2020/11/8,,2020/11/8,,3,2,"Kosuke, Morita",1000073314,Right,KEI_KEI,"Takuya, Hiruma",1000074108,Left,WAS_EDA,,2,Top,2,0,1,,,BallCalled,Undefined,Undefined,,Undefined,0,0,,,,,,,,,,,,,,,,,,,,,,,,,,,,,,,,,,,,,,,,,,KEI_KEI,WAS_EDA,JinguStadium,TeamExclusive,Team,20201107-JinguStadium-1,,,v3,,,,,,,KEI_KEI,,,,,,,,,,,,,,,,,,,,,,,,,,,,,,,,,,,,,,,,,,,,,,,,,,,,,,,,,,,,,,,,,,,,,,山口 智久
57,2020/11/8,,2020/11/8,,3,3,"Kosuke, Morita",1000073314,Right,KEI_KEI,"Takuya, Hiruma",1000074108,Left,WAS_EDA,,2,Top,2,1,1,,,BallCalled,Undefined,Undefined,,Undefined,0,0,,,,,,,,,,,,,,,,,,,,,,,,,,,,,,,,,,,,,,,,,,KEI_KEI,WAS_EDA,JinguStadium,TeamExclusive,Team,20201107-JinguStadium-1,,,v3,,,,,,,KEI_KEI,,,,,,,,,,,,,,,,,,,,,,,,,,,,,,,,,,,,,,,,,,,,,,,,,,,,,,,,,,,,,,,,,,,,,,山口 智久
58,2020/11/8,,2020/11/8,,3,4,"Kosuke, Morita",1000073314,Right,KEI_KEI,"Takuya, Hiruma",1000074108,Left,WAS_EDA,,2,Top,2,2,1,,,FoulBall,Undefined,Undefined,,Undefined,0,0,,,,,,,,,,,,,,,,,,,,,,,,,,,,,,,,,,,,,,,,,,KEI_KEI,WAS_EDA,JinguStadium,TeamExclusive,Team,20201107-JinguStadium-1,,,v3,,,,,,,KEI_KEI,,,,,,,,,,,,,,,,,,,,,,,,,,,,,,,,,,,,,,,,,,,,,,,,,,,,,,,,,,,,,,,,,,,,,,山口 智久
59,2020/11/8,,2020/11/8,,3,5,"Kosuke, Morita",1000073314,Right,KEI_KEI,"Takuya, Hiruma",1000074108,Left,WAS_EDA,,2,Top,2,2,2,,,BallCalled,Undefined,Undefined,,Undefined,0,0,,,,,,,,,,,,,,,,,,,,,,,,,,,,,,,,,,,,,,,,,,KEI_KEI,WAS_EDA,JinguStadium,TeamExclusive,Team,20201107-JinguStadium-1,,,v3,,,,,,,KEI_KEI,,,,,,,,,,,,,,,,,,,,,,,,,,,,,,,,,,,,,,,,,,,,,,,,,,,,,,,,,,,,,,,,,,,,,,山口 智久
60,2020/11/8,,2020/11/8,,3,6,"Kosuke, Morita",1000073314,Right,KEI_KEI,"Takuya, Hiruma",1000074108,Left,WAS_EDA,,2,Top,2,3,2,,,InPlay,Undefined,Popup,,Out,1,0,,,,,,,,,,,,,,,,,,,,,,,,,,,,,,,,,,,,,,,,,,KEI_KEI,WAS_EDA,JinguStadium,TeamExclusive,Team,20201107-JinguStadium-1,,,v3,,,,,,,KEI_KEI,,,,,,,,,,,,,,,,,,,,,,,,,,,,,,,,,,,,,,,,,,,,,,,,,,,,,,,,,,,,,,,,,,,,,,山口 智久
61,2020/11/8,,2020/11/8,,1,1,"Takumi, Imanishi",1000073880,Left,WAS_EDA,"Sho, Miyao",1000073415,Left,KEI_KEI,,2,Bottom,0,0,0,,,BallCalled,Undefined,Undefined,,Undefined,0,0,,,,,,,,,,,,,,,,,,,,,,,,,,,,,,,,,,,,,,,,,,KEI_KEI,WAS_EDA,JinguStadium,TeamExclusive,Team,20201107-JinguStadium-1,,,v3,,,,,,,WAS_EDA,,,,,,,,,,,,,,,,,,,,,,,,,,,,,,,,,,,,,,,,,,,,,,,,,,,,,,,,,,,,,,,,,,,,,,山口 智久
62,2020/11/8,,2020/11/8,,1,2,"Takumi, Imanishi",1000073880,Left,WAS_EDA,"Sho, Miyao",1000073415,Left,KEI_KEI,,2,Bottom,0,1,0,,,StrikeCalled,Undefined,Undefined,,Undefined,0,0,,,,,,,,,,,,,,,,,,,,,,,,,,,,,,,,,,,,,,,,,,KEI_KEI,WAS_EDA,JinguStadium,TeamExclusive,Team,20201107-JinguStadium-1,,,v3,,,,,,,WAS_EDA,,,,,,,,,,,,,,,,,,,,,,,,,,,,,,,,,,,,,,,,,,,,,,,,,,,,,,,,,,,,,,,,,,,,,,山口 智久
63,2020/11/8,,2020/11/8,,1,3,"Takumi, Imanishi",1000073880,Left,WAS_EDA,"Sho, Miyao",1000073415,Left,KEI_KEI,,2,Bottom,0,1,1,,,FoulBall,Undefined,Undefined,,Undefined,0,0,,,,,,,,,,,,,,,,,,,,,,,,,,,,,,,,,,,,,,,,,,KEI_KEI,WAS_EDA,JinguStadium,TeamExclusive,Team,20201107-JinguStadium-1,,,v3,,,,,,,WAS_EDA,,,,,,,,,,,,,,,,,,,,,,,,,,,,,,,,,,,,,,,,,,,,,,,,,,,,,,,,,,,,,,,,,,,,,,山口 智久
64,2020/11/8,,2020/11/8,,1,4,"Takumi, Imanishi",1000073880,Left,WAS_EDA,"Sho, Miyao",1000073415,Left,KEI_KEI,,2,Bottom,0,1,2,,,BallCalled,Undefined,Undefined,,Undefined,0,0,,,,,,,,,,,,,,,,,,,,,,,,,,,,,,,,,,,,,,,,,,KEI_KEI,WAS_EDA,JinguStadium,TeamExclusive,Team,20201107-JinguStadium-1,,,v3,,,,,,,WAS_EDA,,,,,,,,,,,,,,,,,,,,,,,,,,,,,,,,,,,,,,,,,,,,,,,,,,,,,,,,,,,,,,,,,,,,,,山口 智久
65,2020/11/8,,2020/11/8,,1,5,"Takumi, Imanishi",1000073880,Left,WAS_EDA,"Sho, Miyao",1000073415,Left,KEI_KEI,,2,Bottom,0,2,2,,,FoulBall,Undefined,Undefined,,Undefined,0,0,,,,,,,,,,,,,,,,,,,,,,,,,,,,,,,,,,,,,,,,,,KEI_KEI,WAS_EDA,JinguStadium,TeamExclusive,Team,20201107-JinguStadium-1,,,v3,,,,,,,WAS_EDA,,,,,,,,,,,,,,,,,,,,,,,,,,,,,,,,,,,,,,,,,,,,,,,,,,,,,,,,,,,,,,,,,,,,,,山口 智久
66,2020/11/8,,2020/11/8,,1,6,"Takumi, Imanishi",1000073880,Left,WAS_EDA,"Sho, Miyao",1000073415,Left,KEI_KEI,,2,Bottom,0,2,2,,,BallCalled,Undefined,Undefined,,Undefined,0,0,,,,,,,,,,,,,,,,,,,,,,,,,,,,,,,,,,,,,,,,,,KEI_KEI,WAS_EDA,JinguStadium,TeamExclusive,Team,20201107-JinguStadium-1,,,v3,,,,,,,WAS_EDA,,,,,,,,,,,,,,,,,,,,,,,,,,,,,,,,,,,,,,,,,,,,,,,,,,,,,,,,,,,,,,,,,,,,,,山口 智久
67,2020/11/8,,2020/11/8,,1,7,"Takumi, Imanishi",1000073880,Left,WAS_EDA,"Sho, Miyao",1000073415,Left,KEI_KEI,,2,Bottom,0,3,2,,,InPlay,Undefined,GroundBall,,Out,1,0,,,,,,,,,,,,,,,,,,,,,,,,,,,,,,,,,,,,,,,,,,KEI_KEI,WAS_EDA,JinguStadium,TeamExclusive,Team,20201107-JinguStadium-1,,,v3,,,,,,,WAS_EDA,,,,,,,,,,,,,,,,,,,,,,,,,,,,,,,,,,,,,,,,,,,,,,,,,,,,,,,,,,,,,,,,,,,,,,山口 智久
68,2020/11/8,,2020/11/8,,2,1,"Takumi, Imanishi",1000073880,Left,WAS_EDA,"Shogo, Fukui",1000073400,Left,KEI_KEI,,2,Bottom,1,0,0,,,FoulBall,Undefined,Undefined,,Undefined,0,0,,,,,,,,,,,,,,,,,,,,,,,,,,,,,,,,,,,,,,,,,,KEI_KEI,WAS_EDA,JinguStadium,TeamExclusive,Team,20201107-JinguStadium-1,,,v3,,,,,,,WAS_EDA,,,,,,,,,,,,,,,,,,,,,,,,,,,,,,,,,,,,,,,,,,,,,,,,,,,,,,,,,,,,,,,,,,,,,,山口 智久
69,2020/11/8,,2020/11/8,,2,2,"Takumi, Imanishi",1000073880,Left,WAS_EDA,"Shogo, Fukui",1000073400,Left,KEI_KEI,,2,Bottom,1,0,1,,,InPlay,Undefined,GroundBall,,Single,0,0,,,,,,,,,,,,,,,,,,,,,,,,,,,,,,,,,,,,,,,,,,KEI_KEI,WAS_EDA,JinguStadium,TeamExclusive,Team,20201107-JinguStadium-1,,,v3,,,,,,,WAS_EDA,,,,,,,,,,,,,,,,,,,,,,,,,,,,,,,,,,,,,,,,,,,,,,,,,,,,,,,,,,,,,,,,,,,,,,山口 智久
70,2020/11/8,,2020/11/8,,3,1,"Takumi, Imanishi",1000073880,Left,WAS_EDA,"Jun, Setonishi",1000073406,Left,KEI_KEI,,2,Bottom,1,0,0,,,InPlay,Undefined,GroundBall,,Out,2,0,1,,,,,,,,,,,,,,,,,,,,,,,,,,,,,,,,,,,,,,,,,KEI_KEI,WAS_EDA,JinguStadium,TeamExclusive,Team,20201107-JinguStadium-1,,,v3,,,,,,,WAS_EDA,,,,,,,,,,,,,,,,,,,,,,,,,,,,,,,,,,,,,,,,,,,,,,,,,,,,,,,,,,,,,,,,,,,,,,山口 智久
71,2020/11/8,,2020/11/8,,1,1,"Kosuke, Morita",1000073314,Right,KEI_KEI,"Masayuki, Ota",1000073952,Left,WAS_EDA,,3,Top,0,0,0,,,BallCalled,Undefined,Undefined,,Undefined,0,0,,,,,,,,,,,,,,,,,,,,,,,,,,,,,,,,,,,,,,,,,,KEI_KEI,WAS_EDA,JinguStadium,TeamExclusive,Team,20201107-JinguStadium-1,,,v3,,,,,,,KEI_KEI,,,,,,,,,,,,,,,,,,,,,,,,,,,,,,,,,,,,,,,,,,,,,,,,,,,,,,,,,,,,,,,,,,,,,,山口 智久
72,2020/11/8,,2020/11/8,,1,2,"Kosuke, Morita",1000073314,Right,KEI_KEI,"Masayuki, Ota",1000073952,Left,WAS_EDA,,3,Top,0,1,0,,,BallCalled,Undefined,Undefined,,Undefined,0,0,,,,,,,,,,,,,,,,,,,,,,,,,,,,,,,,,,,,,,,,,,KEI_KEI,WAS_EDA,JinguStadium,TeamExclusive,Team,20201107-JinguStadium-1,,,v3,,,,,,,KEI_KEI,,,,,,,,,,,,,,,,,,,,,,,,,,,,,,,,,,,,,,,,,,,,,,,,,,,,,,,,,,,,,,,,,,,,,,山口 智久
73,2020/11/8,,2020/11/8,,1,3,"Kosuke, Morita",1000073314,Right,KEI_KEI,"Masayuki, Ota",1000073952,Left,WAS_EDA,,3,Top,0,2,0,,,FoulBall,Undefined,Undefined,,Undefined,0,0,,,,,,,,,,,,,,,,,,,,,,,,,,,,,,,,,,,,,,,,,,KEI_KEI,WAS_EDA,JinguStadium,TeamExclusive,Team,20201107-JinguStadium-1,,,v3,,,,,,,KEI_KEI,,,,,,,,,,,,,,,,,,,,,,,,,,,,,,,,,,,,,,,,,,,,,,,,,,,,,,,,,,,,,,,,,,,,,,山口 智久
74,2020/11/8,,2020/11/8,,1,4,"Kosuke, Morita",1000073314,Right,KEI_KEI,"Masayuki, Ota",1000073952,Left,WAS_EDA,,3,Top,0,2,1,,,BallCalled,Undefined,Undefined,,Undefined,0,0,,,,,,,,,,,,,,,,,,,,,,,,,,,,,,,,,,,,,,,,,,KEI_KEI,WAS_EDA,JinguStadium,TeamExclusive,Team,20201107-JinguStadium-1,,,v3,,,,,,,KEI_KEI,,,,,,,,,,,,,,,,,,,,,,,,,,,,,,,,,,,,,,,,,,,,,,,,,,,,,,,,,,,,,,,,,,,,,,山口 智久
75,2020/11/8,,2020/11/8,,1,5,"Kosuke, Morita",1000073314,Right,KEI_KEI,"Masayuki, Ota",1000073952,Left,WAS_EDA,,3,Top,0,3,1,,,InPlay,Undefined,FlyBall,,Out,1,0,,,,,,,,,,,,,,,,,,,,,,,,,,,,,,,,,,,,,,,,,,KEI_KEI,WAS_EDA,JinguStadium,TeamExclusive,Team,20201107-JinguStadium-1,,,v3,,,,,,,KEI_KEI,,,,,,,,,,,,,,,,,,,,,,,,,,,,,,,,,,,,,,,,,,,,,,,,,,,,,,,,,,,,,,,,,,,,,,山口 智久
76,2020/11/8,,2020/11/8,,2,1,"Kosuke, Morita",1000073314,Right,KEI_KEI,"Ginsuke, Kaneko",1000073884,Right,WAS_EDA,,3,Top,1,0,0,,,BallCalled,Undefined,Undefined,,Undefined,0,0,,,,,,,,,,,,,,,,,,,,,,,,,,,,,,,,,,,,,,,,,,KEI_KEI,WAS_EDA,JinguStadium,TeamExclusive,Team,20201107-JinguStadium-1,,,v3,,,,,,,KEI_KEI,,,,,,,,,,,,,,,,,,,,,,,,,,,,,,,,,,,,,,,,,,,,,,,,,,,,,,,,,,,,,,,,,,,,,,山口 智久
77,2020/11/8,,2020/11/8,,2,2,"Kosuke, Morita",1000073314,Right,KEI_KEI,"Ginsuke, Kaneko",1000073884,Right,WAS_EDA,,3,Top,1,1,0,,,InPlay,Undefined,GroundBall,,Single,0,0,,,,,,,,,,,,,,,,,,,,,,,,,,,,,,,,,,,,,,,,,,KEI_KEI,WAS_EDA,JinguStadium,TeamExclusive,Team,20201107-JinguStadium-1,,,v3,,,,,,,KEI_KEI,,,,,,,,,,,,,,,,,,,,,,,,,,,,,,,,,,,,,,,,,,,,,,,,,,,,,,,,,,,,,,,,,,,,,,山口 智久
78,2020/11/8,,2020/11/8,,3,1,"Kosuke, Morita",1000073314,Right,KEI_KEI,"Kazuto, Yoshizawa",1000074012,Right,WAS_EDA,,3,Top,1,0,0,,,BallCalled,Undefined,Undefined,,Undefined,0,0,1,,,,,,,,,,,,,,,,,,,,,,,,,,,,,,,,,,,,,,,,,KEI_KEI,WAS_EDA,JinguStadium,TeamExclusive,Team,20201107-JinguStadium-1,,,v3,,,,,,,KEI_KEI,,,,,,,,,,,,,,,,,,,,,,,,,,,,,,,,,,,,,,,,,,,,,,,,,,,,,,,,,,,,,,,,,,,,,,山口 智久
79,2020/11/8,,2020/11/8,,3,2,"Kosuke, Morita",1000073314,Right,KEI_KEI,"Kazuto, Yoshizawa",1000074012,Right,WAS_EDA,,3,Top,1,1,0,,,InPlay,Undefined,Bunt,,Sacrifice,1,0,1,,,,,,,,,,,,,,,,,,,,,,,,,,,,,,,,,,,,,,,,,KEI_KEI,WAS_EDA,JinguStadium,TeamExclusive,Team,20201107-JinguStadium-1,,,v3,,,,,,,KEI_KEI,,,,,,,,,,,,,,,,,,,,,,,,,,,,,,,,,,,,,,,,,,,,,,,,,,,,,,,,,,,,,,,,,,,,,,山口 智久
80,2020/11/8,,2020/11/8,,4,1,"Kosuke, Morita",1000073314,Right,KEI_KEI,"Kotaro, Takizawa",1000073989,Left,WAS_EDA,,3,Top,2,0,0,,,BallCalled,Undefined,Undefined,,Undefined,0,0,2,,,,,,,,,,,,,,,,,,,,,,,,,,,,,,,,,,,,,,,,,KEI_KEI,WAS_EDA,JinguStadium,TeamExclusive,Team,20201107-JinguStadium-1,,,v3,,,,,,,KEI_KEI,,,,,,,,,,,,,,,,,,,,,,,,,,,,,,,,,,,,,,,,,,,,,,,,,,,,,,,,,,,,,,,,,,,,,,山口 智久
81,2020/11/8,,2020/11/8,,4,2,"Kosuke, Morita",1000073314,Right,KEI_KEI,"Kotaro, Takizawa",1000073989,Left,WAS_EDA,,3,Top,2,1,0,,,StrikeSwinging,Undefined,Undefined,,Undefined,0,0,2,,,,,,,,,,,,,,,,,,,,,,,,,,,,,,,,,,,,,,,,,KEI_KEI,WAS_EDA,JinguStadium,TeamExclusive,Team,20201107-JinguStadium-1,,,v3,,,,,,,KEI_KEI,,,,,,,,,,,,,,,,,,,,,,,,,,,,,,,,,,,,,,,,,,,,,,,,,,,,,,,,,,,,,,,,,,,,,,山口 智久
82,2020/11/8,,2020/11/8,,4,3,"Kosuke, Morita",1000073314,Right,KEI_KEI,"Kotaro, Takizawa",1000073989,Left,WAS_EDA,,3,Top,2,1,1,,,BallCalled,Undefined,Undefined,,Undefined,0,0,2,,,,,,,,,,,,,,,,,,,,,,,,,,,,,,,,,,,,,,,,,KEI_KEI,WAS_EDA,JinguStadium,TeamExclusive,Team,20201107-JinguStadium-1,,,v3,,,,,,,KEI_KEI,,,,,,,,,,,,,,,,,,,,,,,,,,,,,,,,,,,,,,,,,,,,,,,,,,,,,,,,,,,,,,,,,,,,,,山口 智久
83,2020/11/8,,2020/11/8,,4,4,"Kosuke, Morita",1000073314,Right,KEI_KEI,"Kotaro, Takizawa",1000073989,Left,WAS_EDA,,3,Top,2,2,1,,,FoulBall,Undefined,Undefined,,Undefined,0,0,2,,,,,,,,,,,,,,,,,,,,,,,,,,,,,,,,,,,,,,,,,KEI_KEI,WAS_EDA,JinguStadium,TeamExclusive,Team,20201107-JinguStadium-1,,,v3,,,,,,,KEI_KEI,,,,,,,,,,,,,,,,,,,,,,,,,,,,,,,,,,,,,,,,,,,,,,,,,,,,,,,,,,,,,,,,,,,,,,山口 智久
84,2020/11/8,,2020/11/8,,4,5,"Kosuke, Morita",1000073314,Right,KEI_KEI,"Kotaro, Takizawa",1000073989,Left,WAS_EDA,,3,Top,2,2,2,,,BallCalled,Undefined,Undefined,,Undefined,0,0,2,,,,,,,,,,,,,,,,,,,,,,,,,,,,,,,,,,,,,,,,,KEI_KEI,WAS_EDA,JinguStadium,TeamExclusive,Team,20201107-JinguStadium-1,,,v3,,,,,,,KEI_KEI,,,,,,,,,,,,,,,,,,,,,,,,,,,,,,,,,,,,,,,,,,,,,,,,,,,,,,,,,,,,,,,,,,,,,,山口 智久
85,2020/11/8,,2020/11/8,,4,6,"Kosuke, Morita",1000073314,Right,KEI_KEI,"Kotaro, Takizawa",1000073989,Left,WAS_EDA,,3,Top,2,3,2,,,FoulBall,Undefined,Undefined,,Undefined,0,0,2,,,,,,,,,,,,,,,,,,,,,,,,,,,,,,,,,,,,,,,,,KEI_KEI,WAS_EDA,JinguStadium,TeamExclusive,Team,20201107-JinguStadium-1,,,v3,,,,,,,KEI_KEI,,,,,,,,,,,,,,,,,,,,,,,,,,,,,,,,,,,,,,,,,,,,,,,,,,,,,,,,,,,,,,,,,,,,,,山口 智久
86,2020/11/8,,2020/11/8,,4,7,"Kosuke, Morita",1000073314,Right,KEI_KEI,"Kotaro, Takizawa",1000073989,Left,WAS_EDA,,3,Top,2,3,2,,,InPlay,Undefined,GroundBall,,Single,0,1,2,,,,,,,,,,,,,,,,,,,,,,,,,,,,,,,,,,,,,,,,,KEI_KEI,WAS_EDA,JinguStadium,TeamExclusive,Team,20201107-JinguStadium-1,,,v3,,,,,,,KEI_KEI,,,,,,,,,,,,,,,,,,,,,,,,,,,,,,,,,,,,,,,,,,,,,,,,,,,,,,,,,,,,,,,,,,,,,,山口 智久
87,2020/11/8,,2020/11/8,,5,1,"Kosuke, Morita",1000073314,Right,KEI_KEI,"Hisashige, Iwamoto",1000074023,Right,WAS_EDA,,3,Top,2,0,0,,,StrikeCalled,Undefined,Undefined,,Undefined,0,0,1,,,,,,,,,,,,,,,,,,,,,,,,,,,,,,,,,,,,,,,,,KEI_KEI,WAS_EDA,JinguStadium,TeamExclusive,Team,20201107-JinguStadium-1,,,v3,,,,,,,KEI_KEI,,,,,,,,,,,,,,,,,,,,,,,,,,,,,,,,,,,,,,,,,,,,,,,,,,,,,,,,,,,,,,,,,,,,,,山口 智久
88,2020/11/8,,2020/11/8,,5,2,"Kosuke, Morita",1000073314,Right,KEI_KEI,"Hisashige, Iwamoto",1000074023,Right,WAS_EDA,,3,Top,2,0,1,,,StrikeSwinging,Undefined,Undefined,,Undefined,0,0,1,,,,,,,,,,,,,,,,,,,,,,,,,,,,,,,,,,,,,,,,,KEI_KEI,WAS_EDA,JinguStadium,TeamExclusive,Team,20201107-JinguStadium-1,,,v3,,,,,,,KEI_KEI,,,,,,,,,,,,,,,,,,,,,,,,,,,,,,,,,,,,,,,,,,,,,,,,,,,,,,,,,,,,,,,,,,,,,,山口 智久
89,2020/11/8,,2020/11/8,,5,3,"Kosuke, Morita",1000073314,Right,KEI_KEI,"Hisashige, Iwamoto",1000074023,Right,WAS_EDA,,3,Top,2,0,2,,,FoulBall,Undefined,Undefined,,Undefined,0,0,1,,,,,,,,,,,,,,,,,,,,,,,,,,,,,,,,,,,,,,,,,KEI_KEI,WAS_EDA,JinguStadium,TeamExclusive,Team,20201107-JinguStadium-1,,,v3,,,,,,,KEI_KEI,,,,,,,,,,,,,,,,,,,,,,,,,,,,,,,,,,,,,,,,,,,,,,,,,,,,,,,,,,,,,,,,,,,,,,山口 智久
90,2020/11/8,,2020/11/8,,5,4,"Kosuke, Morita",1000073314,Right,KEI_KEI,"Hisashige, Iwamoto",1000074023,Right,WAS_EDA,,3,Top,2,0,2,,,BallCalled,Undefined,Undefined,,Undefined,0,0,1,,,,,,,,,,,,,,,,,,,,,,,,,,,,,,,,,,,,,,,,,KEI_KEI,WAS_EDA,JinguStadium,TeamExclusive,Team,20201107-JinguStadium-1,,,v3,,,,,,,KEI_KEI,,,,,,,,,,,,,,,,,,,,,,,,,,,,,,,,,,,,,,,,,,,,,,,,,,,,,,,,,,,,,,,,,,,,,,山口 智久
91,2020/11/8,,2020/11/8,,5,5,"Kosuke, Morita",1000073314,Right,KEI_KEI,"Hisashige, Iwamoto",1000074023,Right,WAS_EDA,,3,Top,2,1,2,,,BallCalled,Undefined,Undefined,,Undefined,1,0,1,,,,,,,,,,,,,,,,,,,,,,,,,,,,,,,,,,,,,,,,,KEI_KEI,WAS_EDA,JinguStadium,TeamExclusive,Team,20201107-JinguStadium-1,,,v3,,,,,,,KEI_KEI,,,,,,,,,,,,,,,,,,,,,,,,,,,,,,,,,,,,,,,,,,,,,,,,,,,,,,,,,,,,,,,,,,,,,,山口 智久
92,2020/11/8,,2020/11/8,,1,1,"Masaya, Nishigaki",1000073939,Right,WAS_EDA,"Kanta, Niimi",1000073441,Right,KEI_KEI,,3,Bottom,0,0,0,,,InPlay,Undefined,GroundBall,,Out,1,0,,,,,,,,,,,,,,,,,,,,,,,,,,,,,,,,,,,,,,,,,,KEI_KEI,WAS_EDA,JinguStadium,TeamExclusive,Team,20201107-JinguStadium-1,,,v3,,,,,,,WAS_EDA,,,,,,,,,,,,,,,,,,,,,,,,,,,,,,,,,,,,,,,,,,,,,,,,,,,,,,,,,,,,,,,,,,,,,,山口 智久
93,2020/11/8,,2020/11/8,,2,1,"Masaya, Nishigaki",1000073939,Right,WAS_EDA,"Haruto, Watanabe",1000073445,Right,KEI_KEI,,3,Bottom,1,0,0,,,BallCalled,Undefined,Undefined,,Undefined,0,0,,,,,,,,,,,,,,,,,,,,,,,,,,,,,,,,,,,,,,,,,,KEI_KEI,WAS_EDA,JinguStadium,TeamExclusive,Team,20201107-JinguStadium-1,,,v3,,,,,,,WAS_EDA,,,,,,,,,,,,,,,,,,,,,,,,,,,,,,,,,,,,,,,,,,,,,,,,,,,,,,,,,,,,,,,,,,,,,,山口 智久
94,2020/11/8,,2020/11/8,,2,2,"Masaya, Nishigaki",1000073939,Right,WAS_EDA,"Haruto, Watanabe",1000073445,Right,KEI_KEI,,3,Bottom,1,1,0,,,InPlay,Undefined,Bunt,,Single,0,0,,,,,,,,,,,,,,,,,,,,,,,,,,,,,,,,,,,,,,,,,,KEI_KEI,WAS_EDA,JinguStadium,TeamExclusive,Team,20201107-JinguStadium-1,,,v3,,,,,,,WAS_EDA,,,,,,,,,,,,,,,,,,,,,,,,,,,,,,,,,,,,,,,,,,,,,,,,,,,,,,,,,,,,,,,,,,,,,,山口 智久
95,2020/11/8,,2020/11/8,,3,1,"Masaya, Nishigaki",1000073939,Right,WAS_EDA,"Ryuta, Hirose",1000089826,Right,KEI_KEI,,3,Bottom,1,0,0,,,BallCalled,Undefined,Undefined,,Undefined,0,0,1,,,,,,,,,,,,,,,,,,,,,,,,,,,,,,,,,,,,,,,,,KEI_KEI,WAS_EDA,JinguStadium,TeamExclusive,Team,20201107-JinguStadium-1,,,v3,,,,,,,WAS_EDA,,,,,,,,,,,,,,,,,,,,,,,,,,,,,,,,,,,,,,,,,,,,,,,,,,,,,,,,,,,,,,,,,,,,,,山口 智久
96,2020/11/8,,2020/11/8,,3,2,"Masaya, Nishigaki",1000073939,Right,WAS_EDA,"Ryuta, Hirose",1000089826,Right,KEI_KEI,,3,Bottom,1,1,0,,,InPlay,Undefined,GroundBall,,Single,0,0,2,,,,,,,,,,,,,,,,,,,,,,,,,,,,,,,,,,,,,,,,,KEI_KEI,WAS_EDA,JinguStadium,TeamExclusive,Team,20201107-JinguStadium-1,,,v3,,,,,,,WAS_EDA,,,,,,,,,,,,,,,,,,,,,,,,,,,,,,,,,,,,,,,,,,,,,,,,,,,,,,,,,,,,,,,,,,,,,,山口 智久
97,2020/11/8,,2020/11/8,,4,1,"Masaya, Nishigaki",1000073939,Right,WAS_EDA,"Yusuke, Shimoyama",1000073403,Left,KEI_KEI,,3,Bottom,1,0,0,,,BallCalled,Undefined,Undefined,,Undefined,0,1,1,,,,,,,,,,,,,,,,,,,,,,,,,,,,,,,,,,,,,,,,,KEI_KEI,WAS_EDA,JinguStadium,TeamExclusive,Team,20201107-JinguStadium-1,,,v3,,,,,,,WAS_EDA,,,,,,,,,,,,,,,,,,,,,,,,,,,,,,,,,,,,,,,,,,,,,,,,,,,,,,,,,,,,,,,,,,,,,,山口 智久
98,2020/11/8,,2020/11/8,,4,2,"Masaya, Nishigaki",1000073939,Right,WAS_EDA,"Yusuke, Shimoyama",1000073403,Left,KEI_KEI,,3,Bottom,1,1,0,,,StrikeSwinging,Undefined,Undefined,,Undefined,0,0,1,,,,,,,,,,,,,,,,,,,,,,,,,,,,,,,,,,,,,,,,,KEI_KEI,WAS_EDA,JinguStadium,TeamExclusive,Team,20201107-JinguStadium-1,,,v3,,,,,,,WAS_EDA,,,,,,,,,,,,,,,,,,,,,,,,,,,,,,,,,,,,,,,,,,,,,,,,,,,,,,,,,,,,,,,,,,,,,,山口 智久
99,2020/11/8,,2020/11/8,,4,3,"Masaya, Nishigaki",1000073939,Right,WAS_EDA,"Yusuke, Shimoyama",1000073403,Left,KEI_KEI,,3,Bottom,1,1,1,,,StrikeCalled,Undefined,Undefined,,Undefined,0,0,1,,,,,,,,,,,,,,,,,,,,,,,,,,,,,,,,,,,,,,,,,KEI_KEI,WAS_EDA,JinguStadium,TeamExclusive,Team,20201107-JinguStadium-1,,,v3,,,,,,,WAS_EDA,,,,,,,,,,,,,,,,,,,,,,,,,,,,,,,,,,,,,,,,,,,,,,,,,,,,,,,,,,,,,,,,,,,,,,山口 智久
100,2020/11/8,,2020/11/8,,4,4,"Masaya, Nishigaki",1000073939,Right,WAS_EDA,"Yusuke, Shimoyama",1000073403,Left,KEI_KEI,,3,Bottom,1,1,2,,,BallCalled,Undefined,Undefined,,Undefined,0,0,1,,,,,,,,,,,,,,,,,,,,,,,,,,,,,,,,,,,,,,,,,KEI_KEI,WAS_EDA,JinguStadium,TeamExclusive,Team,20201107-JinguStadium-1,,,v3,,,,,,,WAS_EDA,,,,,,,,,,,,,,,,,,,,,,,,,,,,,,,,,,,,,,,,,,,,,,,,,,,,,,,,,,,,,,,,,,,,,,山口 智久
101,2020/11/8,,2020/11/8,,4,5,"Masaya, Nishigaki",1000073939,Right,WAS_EDA,"Yusuke, Shimoyama",1000073403,Left,KEI_KEI,,3,Bottom,1,2,2,,,StrikeSwinging,Strikeout,Undefined,,Undefined,0,0,1,,,,,,,,,,,,,,,,,,,,,,,,,,,,,,,,,,,,,,,,,KEI_KEI,WAS_EDA,JinguStadium,TeamExclusive,Team,20201107-JinguStadium-1,,,v3,,,,,,,WAS_EDA,,,,,,,,,,,,,,,,,,,,,,,,,,,,,,,,,,,,,,,,,,,,,,,,,,,,,,,,,,,,,,,,,,,,,,山口 智久
102,2020/11/8,,2020/11/8,,5,1,"Masaya, Nishigaki",1000073939,Right,WAS_EDA,"Tomoya, Masaki",1000073443,Right,KEI_KEI,,3,Bottom,2,0,0,,,InPlay,Undefined,Popup,,Out,1,0,1,,,,,,,,,,,,,,,,,,,,,,,,,,,,,,,,,,,,,,,,,KEI_KEI,WAS_EDA,JinguStadium,TeamExclusive,Team,20201107-JinguStadium-1,,,v3,,,,,,,WAS_EDA,,,,,,,,,,,,,,,,,,,,,,,,,,,,,,,,,,,,,,,,,,,,,,,,,,,,,,,,,,,,,,,,,,,,,,山口 智久
103,2020/11/8,,2020/11/8,,1,1,"Ryo, Kobayashi",1000073316,Right,KEI_KEI,"Hisashige, Iwamoto",1000074023,Right,WAS_EDA,,4,Top,0,0,0,,,BallCalled,Undefined,Undefined,,Undefined,0,0,,,,,,,,,,,,,,,,,,,,,,,,,,,,,,,,,,,,,,,,,,KEI_KEI,WAS_EDA,JinguStadium,TeamExclusive,Team,20201107-JinguStadium-1,,,v3,,,,,,,KEI_KEI,,,,,,,,,,,,,,,,,,,,,,,,,,,,,,,,,,,,,,,,,,,,,,,,,,,,,,,,,,,,,,,,,,,,,,山口 智久
104,2020/11/8,,2020/11/8,,1,2,"Ryo, Kobayashi",1000073316,Right,KEI_KEI,"Hisashige, Iwamoto",1000074023,Right,WAS_EDA,,4,Top,0,1,0,,,BallCalled,Undefined,Undefined,,Undefined,0,0,,,,,,,,,,,,,,,,,,,,,,,,,,,,,,,,,,,,,,,,,,KEI_KEI,WAS_EDA,JinguStadium,TeamExclusive,Team,20201107-JinguStadium-1,,,v3,,,,,,,KEI_KEI,,,,,,,,,,,,,,,,,,,,,,,,,,,,,,,,,,,,,,,,,,,,,,,,,,,,,,,,,,,,,,,,,,,,,,山口 智久
105,2020/11/8,,2020/11/8,,1,3,"Ryo, Kobayashi",1000073316,Right,KEI_KEI,"Hisashige, Iwamoto",1000074023,Right,WAS_EDA,,4,Top,0,2,0,,,BallCalled,Undefined,Undefined,,Undefined,0,0,,,,,,,,,,,,,,,,,,,,,,,,,,,,,,,,,,,,,,,,,,KEI_KEI,WAS_EDA,JinguStadium,TeamExclusive,Team,20201107-JinguStadium-1,,,v3,,,,,,,KEI_KEI,,,,,,,,,,,,,,,,,,,,,,,,,,,,,,,,,,,,,,,,,,,,,,,,,,,,,,,,,,,,,,,,,,,,,,山口 智久
106,2020/11/8,,2020/11/8,,1,4,"Ryo, Kobayashi",1000073316,Right,KEI_KEI,"Hisashige, Iwamoto",1000074023,Right,WAS_EDA,,4,Top,0,3,0,,,StrikeCalled,Undefined,Undefined,,Undefined,0,0,,,,,,,,,,,,,,,,,,,,,,,,,,,,,,,,,,,,,,,,,,KEI_KEI,WAS_EDA,JinguStadium,TeamExclusive,Team,20201107-JinguStadium-1,,,v3,,,,,,,KEI_KEI,,,,,,,,,,,,,,,,,,,,,,,,,,,,,,,,,,,,,,,,,,,,,,,,,,,,,,,,,,,,,,,,,,,,,,山口 智久
107,2020/11/8,,2020/11/8,,1,5,"Ryo, Kobayashi",1000073316,Right,KEI_KEI,"Hisashige, Iwamoto",1000074023,Right,WAS_EDA,,4,Top,0,3,1,,,BallCalled,Walk,Undefined,,Undefined,0,0,,,,,,,,,,,,,,,,,,,,,,,,,,,,,,,,,,,,,,,,,,KEI_KEI,WAS_EDA,JinguStadium,TeamExclusive,Team,20201107-JinguStadium-1,,,v3,,,,,,,KEI_KEI,,,,,,,,,,,,,,,,,,,,,,,,,,,,,,,,,,,,,,,,,,,,,,,,,,,,,,,,,,,,,,,,,,,,,,山口 智久
108,2020/11/8,,2020/11/8,,2,1,"Ryo, Kobayashi",1000073316,Right,KEI_KEI,"Masashi, Maruyama",1000074031,Left,WAS_EDA,,4,Top,0,0,0,,,BallCalled,Undefined,Undefined,,Undefined,0,0,1,,,,,,,,,,,,,,,,,,,,,,,,,,,,,,,,,,,,,,,,,KEI_KEI,WAS_EDA,JinguStadium,TeamExclusive,Team,20201107-JinguStadium-1,,,v3,,,,,,,KEI_KEI,,,,,,,,,,,,,,,,,,,,,,,,,,,,,,,,,,,,,,,,,,,,,,,,,,,,,,,,,,,,,,,,,,,,,,山口 智久
109,2020/11/8,,2020/11/8,,2,2,"Ryo, Kobayashi",1000073316,Right,KEI_KEI,"Masashi, Maruyama",1000074031,Left,WAS_EDA,,4,Top,0,1,0,,,BallCalled,Undefined,Undefined,,Undefined,0,0,1,,,,,,,,,,,,,,,,,,,,,,,,,,,,,,,,,,,,,,,,,KEI_KEI,WAS_EDA,JinguStadium,TeamExclusive,Team,20201107-JinguStadium-1,,,v3,,,,,,,KEI_KEI,,,,,,,,,,,,,,,,,,,,,,,,,,,,,,,,,,,,,,,,,,,,,,,,,,,,,,,,,,,,,,,,,,,,,,山口 智久
110,2020/11/8,,2020/11/8,,2,3,"Ryo, Kobayashi",1000073316,Right,KEI_KEI,"Masashi, Maruyama",1000074031,Left,WAS_EDA,,4,Top,0,2,0,,,BallCalled,Undefined,Undefined,,Undefined,0,0,1,,,,,,,,,,,,,,,,,,,,,,,,,,,,,,,,,,,,,,,,,KEI_KEI,WAS_EDA,JinguStadium,TeamExclusive,Team,20201107-JinguStadium-1,,,v3,,,,,,,KEI_KEI,,,,,,,,,,,,,,,,,,,,,,,,,,,,,,,,,,,,,,,,,,,,,,,,,,,,,,,,,,,,,,,,,,,,,,山口 智久
111,2020/11/8,,2020/11/8,,2,4,"Ryo, Kobayashi",1000073316,Right,KEI_KEI,"Masashi, Maruyama",1000074031,Left,WAS_EDA,,4,Top,0,3,0,,,BallCalled,Walk,Undefined,,Undefined,0,0,1,,,,,,,,,,,,,,,,,,,,,,,,,,,,,,,,,,,,,,,,,KEI_KEI,WAS_EDA,JinguStadium,TeamExclusive,Team,20201107-JinguStadium-1,,,v3,,,,,,,KEI_KEI,,,,,,,,,,,,,,,,,,,,,,,,,,,,,,,,,,,,,,,,,,,,,,,,,,,,,,,,,,,,,,,,,,,,,,山口 智久
112,2020/11/8,,2020/11/8,,3,1,"Souta, Hasegawa",1000084946,Right,KEI_KEI,"Kenta, Nomura",1000089887,Right,WAS_EDA,,4,Top,0,0,0,,,StrikeCalled,Undefined,Undefined,,Undefined,0,0,"1,2",,,,,,,,,,,,,,,,,,,,,,,,,,,,,,,,,,,,,,,,,KEI_KEI,WAS_EDA,JinguStadium,TeamExclusive,Team,20201107-JinguStadium-1,,,v3,,,,,,,KEI_KEI,,,,,,,,,,,,,,,,,,,,,,,,,,,,,,,,,,,,,,,,,,,,,,,,,,,,,,,,,,,,,,,,,,,,,,山口 智久
113,2020/11/8,,2020/11/8,,3,2,"Souta, Hasegawa",1000084946,Right,KEI_KEI,"Kenta, Nomura",1000089887,Right,WAS_EDA,,4,Top,0,0,1,,,StrikeSwinging,Undefined,Undefined,,Undefined,0,0,"1,2",,,,,,,,,,,,,,,,,,,,,,,,,,,,,,,,,,,,,,,,,KEI_KEI,WAS_EDA,JinguStadium,TeamExclusive,Team,20201107-JinguStadium-1,,,v3,,,,,,,KEI_KEI,,,,,,,,,,,,,,,,,,,,,,,,,,,,,,,,,,,,,,,,,,,,,,,,,,,,,,,,,,,,,,,,,,,,,,山口 智久
114,2020/11/8,,2020/11/8,,3,3,"Souta, Hasegawa",1000084946,Right,KEI_KEI,"Kenta, Nomura",1000089887,Right,WAS_EDA,,4,Top,0,0,2,,,BallCalled,Undefined,Undefined,,Undefined,0,0,"1,2",,,,,,,,,,,,,,,,,,,,,,,,,,,,,,,,,,,,,,,,,KEI_KEI,WAS_EDA,JinguStadium,TeamExclusive,Team,20201107-JinguStadium-1,,,v3,,,,,,,KEI_KEI,,,,,,,,,,,,,,,,,,,,,,,,,,,,,,,,,,,,,,,,,,,,,,,,,,,,,,,,,,,,,,,,,,,,,,山口 智久
115,2020/11/8,,2020/11/8,,3,4,"Souta, Hasegawa",1000084946,Right,KEI_KEI,"Kenta, Nomura",1000089887,Right,WAS_EDA,,4,Top,0,1,2,,,BallCalled,Undefined,Undefined,,Undefined,0,0,"1,2",,,,,,,,,,,,,,,,,,,,,,,,,,,,,,,,,,,,,,,,,KEI_KEI,WAS_EDA,JinguStadium,TeamExclusive,Team,20201107-JinguStadium-1,,,v3,,,,,,,KEI_KEI,,,,,,,,,,,,,,,,,,,,,,,,,,,,,,,,,,,,,,,,,,,,,,,,,,,,,,,,,,,,,,,,,,,,,,山口 智久
116,2020/11/8,,2020/11/8,,3,5,"Souta, Hasegawa",1000084946,Right,KEI_KEI,"Kenta, Nomura",1000089887,Right,WAS_EDA,,4,Top,0,2,2,,,InPlay,Undefined,FlyBall,,Out,1,0,"1,2",,,,,,,,,,,,,,,,,,,,,,,,,,,,,,,,,,,,,,,,,KEI_KEI,WAS_EDA,JinguStadium,TeamExclusive,Team,20201107-JinguStadium-1,,,v3,,,,,,,KEI_KEI,,,,,,,,,,,,,,,,,,,,,,,,,,,,,,,,,,,,,,,,,,,,,,,,,,,,,,,,,,,,,,,,,,,,,,山口 智久
117,2020/11/8,,2020/11/8,,4,1,"Ginji, Hasebe",1000073304,Left,KEI_KEI,"Toyo, Kumada",1000089879,Left,WAS_EDA,,4,Top,1,0,0,,,InPlay,Undefined,GroundBall,,Out,2,0,"1,2",,,,,,,,,,,,,,,,,,,,,,,,,,,,,,,,,,,,,,,,,KEI_KEI,WAS_EDA,JinguStadium,TeamExclusive,Team,20201107-JinguStadium-1,,,v3,,,,,,,KEI_KEI,,,,,,,,,,,,,,,,,,,,,,,,,,,,,,,,,,,,,,,,,,,,,,,,,,,,,,,,,,,,,,,,,,,,,,山口 智久
118,2020/11/8,,2020/11/8,,1,1,"Masaya, Nishigaki",1000073939,Right,WAS_EDA,"Noriyuki, Hashimoto",1000073442,Left,KEI_KEI,,4,Bottom,0,0,0,,,FoulBall,Undefined,Undefined,,Undefined,0,0,,,,,,,,,,,,,,,,,,,,,,,,,,,,,,,,,,,,,,,,,,KEI_KEI,WAS_EDA,JinguStadium,TeamExclusive,Team,20201107-JinguStadium-1,,,v3,,,,,,,WAS_EDA,,,,,,,,,,,,,,,,,,,,,,,,,,,,,,,,,,,,,,,,,,,,,,,,,,,,,,,,,,,,,,,,,,,,,,山口 智久
119,2020/11/8,,2020/11/8,,1,2,"Masaya, Nishigaki",1000073939,Right,WAS_EDA,"Noriyuki, Hashimoto",1000073442,Left,KEI_KEI,,4,Bottom,0,0,1,,,InPlay,Undefined,GroundBall,,Single,0,0,,,,,,,,,,,,,,,,,,,,,,,,,,,,,,,,,,,,,,,,,,KEI_KEI,WAS_EDA,JinguStadium,TeamExclusive,Team,20201107-JinguStadium-1,,,v3,,,,,,,WAS_EDA,,,,,,,,,,,,,,,,,,,,,,,,,,,,,,,,,,,,,,,,,,,,,,,,,,,,,,,,,,,,,,,,,,,,,,山口 智久
120,2020/11/8,,2020/11/8,,2,1,"Masaya, Nishigaki",1000073939,Right,WAS_EDA,"Sho, Miyao",1000073415,Left,KEI_KEI,,4,Bottom,0,0,0,,,InPlay,Undefined,Bunt,,Sacrifice,1,0,1,,,,,,,,,,,,,,,,,,,,,,,,,,,,,,,,,,,,,,,,,KEI_KEI,WAS_EDA,JinguStadium,TeamExclusive,Team,20201107-JinguStadium-1,,,v3,,,,,,,WAS_EDA,,,,,,,,,,,,,,,,,,,,,,,,,,,,,,,,,,,,,,,,,,,,,,,,,,,,,,,,,,,,,,,,,,,,,,山口 智久
121,2020/11/8,,2020/11/8,,3,1,"Masaya, Nishigaki",1000073939,Right,WAS_EDA,"Shogo, Fukui",1000073400,Left,KEI_KEI,,4,Bottom,1,0,0,,,StrikeSwinging,Undefined,Undefined,,Undefined,0,0,2,,,,,,,,,,,,,,,,,,,,,,,,,,,,,,,,,,,,,,,,,KEI_KEI,WAS_EDA,JinguStadium,TeamExclusive,Team,20201107-JinguStadium-1,,,v3,,,,,,,WAS_EDA,,,,,,,,,,,,,,,,,,,,,,,,,,,,,,,,,,,,,,,,,,,,,,,,,,,,,,,,,,,,,,,,,,,,,,山口 智久
122,2020/11/8,,2020/11/8,,3,2,"Masaya, Nishigaki",1000073939,Right,WAS_EDA,"Shogo, Fukui",1000073400,Left,KEI_KEI,,4,Bottom,1,0,1,,,BallCalled,Undefined,Undefined,,Undefined,0,0,2,,,,,,,,,,,,,,,,,,,,,,,,,,,,,,,,,,,,,,,,,KEI_KEI,WAS_EDA,JinguStadium,TeamExclusive,Team,20201107-JinguStadium-1,,,v3,,,,,,,WAS_EDA,,,,,,,,,,,,,,,,,,,,,,,,,,,,,,,,,,,,,,,,,,,,,,,,,,,,,,,,,,,,,,,,,,,,,,山口 智久
123,2020/11/8,,2020/11/8,,3,3,"Masaya, Nishigaki",1000073939,Right,WAS_EDA,"Shogo, Fukui",1000073400,Left,KEI_KEI,,4,Bottom,1,1,1,,,BallCalled,Undefined,Undefined,,Undefined,0,0,2,,,,,,,,,,,,,,,,,,,,,,,,,,,,,,,,,,,,,,,,,KEI_KEI,WAS_EDA,JinguStadium,TeamExclusive,Team,20201107-JinguStadium-1,,,v3,,,,,,,WAS_EDA,,,,,,,,,,,,,,,,,,,,,,,,,,,,,,,,,,,,,,,,,,,,,,,,,,,,,,,,,,,,,,,,,,,,,,山口 智久
124,2020/11/8,,2020/11/8,,3,4,"Masaya, Nishigaki",1000073939,Right,WAS_EDA,"Shogo, Fukui",1000073400,Left,KEI_KEI,,4,Bottom,1,2,1,,,StrikeSwinging,Undefined,Undefined,,Undefined,0,0,2,,,,,,,,,,,,,,,,,,,,,,,,,,,,,,,,,,,,,,,,,KEI_KEI,WAS_EDA,JinguStadium,TeamExclusive,Team,20201107-JinguStadium-1,,,v3,,,,,,,WAS_EDA,,,,,,,,,,,,,,,,,,,,,,,,,,,,,,,,,,,,,,,,,,,,,,,,,,,,,,,,,,,,,,,,,,,,,,山口 智久
125,2020/11/8,,2020/11/8,,3,5,"Masaya, Nishigaki",1000073939,Right,WAS_EDA,"Shogo, Fukui",1000073400,Left,KEI_KEI,,4,Bottom,1,2,2,,,StrikeSwinging,Strikeout,Undefined,,Undefined,0,0,2,,,,,,,,,,,,,,,,,,,,,,,,,,,,,,,,,,,,,,,,,KEI_KEI,WAS_EDA,JinguStadium,TeamExclusive,Team,20201107-JinguStadium-1,,,v3,,,,,,,WAS_EDA,,,,,,,,,,,,,,,,,,,,,,,,,,,,,,,,,,,,,,,,,,,,,,,,,,,,,,,,,,,,,,,,,,,,,,山口 智久
126,2020/11/8,,2020/11/8,,4,1,"Masaya, Nishigaki",1000073939,Right,WAS_EDA,"Jun, Setonishi",1000073406,Left,KEI_KEI,,4,Bottom,2,0,0,,,FoulBall,Undefined,Undefined,,Undefined,0,0,2,,,,,,,,,,,,,,,,,,,,,,,,,,,,,,,,,,,,,,,,,KEI_KEI,WAS_EDA,JinguStadium,TeamExclusive,Team,20201107-JinguStadium-1,,,v3,,,,,,,WAS_EDA,,,,,,,,,,,,,,,,,,,,,,,,,,,,,,,,,,,,,,,,,,,,,,,,,,,,,,,,,,,,,,,,,,,,,,山口 智久
127,2020/11/8,,2020/11/8,,4,2,"Masaya, Nishigaki",1000073939,Right,WAS_EDA,"Jun, Setonishi",1000073406,Left,KEI_KEI,,4,Bottom,2,0,1,,,FoulBall,Undefined,Undefined,,Undefined,0,0,2,,,,,,,,,,,,,,,,,,,,,,,,,,,,,,,,,,,,,,,,,KEI_KEI,WAS_EDA,JinguStadium,TeamExclusive,Team,20201107-JinguStadium-1,,,v3,,,,,,,WAS_EDA,,,,,,,,,,,,,,,,,,,,,,,,,,,,,,,,,,,,,,,,,,,,,,,,,,,,,,,,,,,,,,,,,,,,,,山口 智久
128,2020/11/8,,2020/11/8,,4,3,"Masaya, Nishigaki",1000073939,Right,WAS_EDA,"Jun, Setonishi",1000073406,Left,KEI_KEI,,4,Bottom,2,0,2,,,InPlay,Undefined,GroundBall,,Single,0,0,2,,,,,,,,,,,,,,,,,,,,,,,,,,,,,,,,,,,,,,,,,KEI_KEI,WAS_EDA,JinguStadium,TeamExclusive,Team,20201107-JinguStadium-1,,,v3,,,,,,,WAS_EDA,,,,,,,,,,,,,,,,,,,,,,,,,,,,,,,,,,,,,,,,,,,,,,,,,,,,,,,,,,,,,,,,,,,,,,山口 智久
129,2020/11/8,,2020/11/8,,5,1,"Masaya, Nishigaki",1000073939,Right,WAS_EDA,"Ginji, Hasebe",1000073304,Left,KEI_KEI,,4,Bottom,2,0,0,,,BallCalled,Undefined,Undefined,,Undefined,0,1,1,,,,,,,,,,,,,,,,,,,,,,,,,,,,,,,,,,,,,,,,,KEI_KEI,WAS_EDA,JinguStadium,TeamExclusive,Team,20201107-JinguStadium-1,,,v3,,,,,,,WAS_EDA,,,,,,,,,,,,,,,,,,,,,,,,,,,,,,,,,,,,,,,,,,,,,,,,,,,,,,,,,,,,,,,,,,,,,,山口 智久
130,2020/11/8,,2020/11/8,,5,2,"Masaya, Nishigaki",1000073939,Right,WAS_EDA,"Ginji, Hasebe",1000073304,Left,KEI_KEI,,4,Bottom,2,1,0,,,StrikeSwinging,Undefined,Undefined,,Undefined,0,0,1,,,,,,,,,,,,,,,,,,,,,,,,,,,,,,,,,,,,,,,,,KEI_KEI,WAS_EDA,JinguStadium,TeamExclusive,Team,20201107-JinguStadium-1,,,v3,,,,,,,WAS_EDA,,,,,,,,,,,,,,,,,,,,,,,,,,,,,,,,,,,,,,,,,,,,,,,,,,,,,,,,,,,,,,,,,,,,,,山口 智久
131,2020/11/8,,2020/11/8,,5,3,"Masaya, Nishigaki",1000073939,Right,WAS_EDA,"Ginji, Hasebe",1000073304,Left,KEI_KEI,,4,Bottom,2,1,1,,,StrikeCalled,Undefined,Undefined,,Undefined,0,0,2,,,,,,,,,,,,,,,,,,,,,,,,,,,,,,,,,,,,,,,,,KEI_KEI,WAS_EDA,JinguStadium,TeamExclusive,Team,20201107-JinguStadium-1,,,v3,,,,,,,WAS_EDA,,,,,,,,,,,,,,,,,,,,,,,,,,,,,,,,,,,,,,,,,,,,,,,,,,,,,,,,,,,,,,,,,,,,,,山口 智久
132,2020/11/8,,2020/11/8,,5,4,"Masaya, Nishigaki",1000073939,Right,WAS_EDA,"Ginji, Hasebe",1000073304,Left,KEI_KEI,,4,Bottom,2,1,2,,,StrikeSwinging,Strikeout,Undefined,,Undefined,0,0,2,,,,,,,,,,,,,,,,,,,,,,,,,,,,,,,,,,,,,,,,,KEI_KEI,WAS_EDA,JinguStadium,TeamExclusive,Team,20201107-JinguStadium-1,,,v3,,,,,,,WAS_EDA,,,,,,,,,,,,,,,,,,,,,,,,,,,,,,,,,,,,,,,,,,,,,,,,,,,,,,,,,,,,,,,,,,,,,,山口 智久
133,2020/11/8,,2020/11/8,,1,1,"Ginji, Hasebe",1000073304,Left,KEI_KEI,"Takuya, Hiruma",1000074108,Left,WAS_EDA,,5,Top,0,0,0,,,InPlay,Undefined,GroundBall,,Out,1,0,,,,,,,,,,,,,,,,,,,,,,,,,,,,,,,,,,,,,,,,,,KEI_KEI,WAS_EDA,JinguStadium,TeamExclusive,Team,20201107-JinguStadium-1,,,v3,,,,,,,KEI_KEI,,,,,,,,,,,,,,,,,,,,,,,,,,,,,,,,,,,,,,,,,,,,,,,,,,,,,,,,,,,,,,,,,,,,,,山口 智久
134,2020/11/8,,2020/11/8,,2,1,"Ginji, Hasebe",1000073304,Left,KEI_KEI,"Taisei, Murata",1000073929,Right,WAS_EDA,,5,Top,1,0,0,,,StrikeSwinging,Undefined,Undefined,,Undefined,0,0,,,,,,,,,,,,,,,,,,,,,,,,,,,,,,,,,,,,,,,,,,KEI_KEI,WAS_EDA,JinguStadium,TeamExclusive,Team,20201107-JinguStadium-1,,,v3,,,,,,,KEI_KEI,,,,,,,,,,,,,,,,,,,,,,,,,,,,,,,,,,,,,,,,,,,,,,,,,,,,,,,,,,,,,,,,,,,,,,山口 智久
135,2020/11/8,,2020/11/8,,2,2,"Ginji, Hasebe",1000073304,Left,KEI_KEI,"Taisei, Murata",1000073929,Right,WAS_EDA,,5,Top,1,0,1,,,FoulBall,Undefined,Undefined,,Undefined,0,0,,,,,,,,,,,,,,,,,,,,,,,,,,,,,,,,,,,,,,,,,,KEI_KEI,WAS_EDA,JinguStadium,TeamExclusive,Team,20201107-JinguStadium-1,,,v3,,,,,,,KEI_KEI,,,,,,,,,,,,,,,,,,,,,,,,,,,,,,,,,,,,,,,,,,,,,,,,,,,,,,,,,,,,,,,,,,,,,,山口 智久
136,2020/11/8,,2020/11/8,,2,3,"Ginji, Hasebe",1000073304,Left,KEI_KEI,"Taisei, Murata",1000073929,Right,WAS_EDA,,5,Top,1,0,2,,,HitByPitch,Undefined,Undefined,,Undefined,0,0,,,,,,,,,,,,,,,,,,,,,,,,,,,,,,,,,,,,,,,,,,KEI_KEI,WAS_EDA,JinguStadium,TeamExclusive,Team,20201107-JinguStadium-1,,,v3,,,,,,,KEI_KEI,,,,,,,,,,,,,,,,,,,,,,,,,,,,,,,,,,,,,,,,,,,,,,,,,,,,,,,,,,,,,,,,,,,,,,山口 智久
137,2020/11/8,,2020/11/8,,3,1,"Ginji, Hasebe",1000073304,Left,KEI_KEI,"Ginsuke, Kaneko",1000073884,Right,WAS_EDA,,5,Top,1,0,0,,,InPlay,Undefined,Bunt,,Sacrifice,1,0,1,,,,,,,,,,,,,,,,,,,,,,,,,,,,,,,,,,,,,,,,,KEI_KEI,WAS_EDA,JinguStadium,TeamExclusive,Team,20201107-JinguStadium-1,,,v3,,,,,,,KEI_KEI,,,,,,,,,,,,,,,,,,,,,,,,,,,,,,,,,,,,,,,,,,,,,,,,,,,,,,,,,,,,,,,,,,,,,,山口 智久
138,2020/11/8,,2020/11/8,,4,1,"Ginji, Hasebe",1000073304,Left,KEI_KEI,"Kazuto, Yoshizawa",1000074012,Right,WAS_EDA,,5,Top,2,0,0,,,BallCalled,Undefined,Undefined,,Undefined,0,0,2,,,,,,,,,,,,,,,,,,,,,,,,,,,,,,,,,,,,,,,,,KEI_KEI,WAS_EDA,JinguStadium,TeamExclusive,Team,20201107-JinguStadium-1,,,v3,,,,,,,KEI_KEI,,,,,,,,,,,,,,,,,,,,,,,,,,,,,,,,,,,,,,,,,,,,,,,,,,,,,,,,,,,,,,,,,,,,,,山口 智久
139,2020/11/8,,2020/11/8,,4,2,"Ginji, Hasebe",1000073304,Left,KEI_KEI,"Kazuto, Yoshizawa",1000074012,Right,WAS_EDA,,5,Top,2,1,0,,,FoulBall,Undefined,Undefined,,Undefined,0,0,2,,,,,,,,,,,,,,,,,,,,,,,,,,,,,,,,,,,,,,,,,KEI_KEI,WAS_EDA,JinguStadium,TeamExclusive,Team,20201107-JinguStadium-1,,,v3,,,,,,,KEI_KEI,,,,,,,,,,,,,,,,,,,,,,,,,,,,,,,,,,,,,,,,,,,,,,,,,,,,,,,,,,,,,,,,,,,,,,山口 智久
140,2020/11/8,,2020/11/8,,4,3,"Ginji, Hasebe",1000073304,Left,KEI_KEI,"Kazuto, Yoshizawa",1000074012,Right,WAS_EDA,,5,Top,2,1,1,,,BallCalled,Undefined,Undefined,,Undefined,0,0,2,,,,,,,,,,,,,,,,,,,,,,,,,,,,,,,,,,,,,,,,,KEI_KEI,WAS_EDA,JinguStadium,TeamExclusive,Team,20201107-JinguStadium-1,,,v3,,,,,,,KEI_KEI,,,,,,,,,,,,,,,,,,,,,,,,,,,,,,,,,,,,,,,,,,,,,,,,,,,,,,,,,,,,,,,,,,,,,,山口 智久
141,2020/11/8,,2020/11/8,,4,4,"Ginji, Hasebe",1000073304,Left,KEI_KEI,"Kazuto, Yoshizawa",1000074012,Right,WAS_EDA,,5,Top,2,2,1,,,FoulBall,Undefined,Undefined,,Undefined,0,0,2,,,,,,,,,,,,,,,,,,,,,,,,,,,,,,,,,,,,,,,,,KEI_KEI,WAS_EDA,JinguStadium,TeamExclusive,Team,20201107-JinguStadium-1,,,v3,,,,,,,KEI_KEI,,,,,,,,,,,,,,,,,,,,,,,,,,,,,,,,,,,,,,,,,,,,,,,,,,,,,,,,,,,,,,,,,,,,,,山口 智久
142,2020/11/8,,2020/11/8,,4,5,"Ginji, Hasebe",1000073304,Left,KEI_KEI,"Kazuto, Yoshizawa",1000074012,Right,WAS_EDA,,5,Top,2,2,2,,,BallCalled,Undefined,Undefined,,Undefined,0,0,2,,,,,,,,,,,,,,,,,,,,,,,,,,,,,,,,,,,,,,,,,KEI_KEI,WAS_EDA,JinguStadium,TeamExclusive,Team,20201107-JinguStadium-1,,,v3,,,,,,,KEI_KEI,,,,,,,,,,,,,,,,,,,,,,,,,,,,,,,,,,,,,,,,,,,,,,,,,,,,,,,,,,,,,,,,,,,,,,山口 智久
143,2020/11/8,,2020/11/8,,4,6,"Ginji, Hasebe",1000073304,Left,KEI_KEI,"Kazuto, Yoshizawa",1000074012,Right,WAS_EDA,,5,Top,2,3,2,,,InPlay,Undefined,Popup,,Out,1,0,2,,,,,,,,,,,,,,,,,,,,,,,,,,,,,,,,,,,,,,,,,KEI_KEI,WAS_EDA,JinguStadium,TeamExclusive,Team,20201107-JinguStadium-1,,,v3,,,,,,,KEI_KEI,,,,,,,,,,,,,,,,,,,,,,,,,,,,,,,,,,,,,,,,,,,,,,,,,,,,,,,,,,,,,,,,,,,,,,山口 智久
144,2020/11/8,,2020/11/8,,1,1,"Takuma, Yamashita",1000074022,Right,WAS_EDA,"Haruto, Watanabe",1000073445,Right,KEI_KEI,,5,Bottom,0,0,0,,,StrikeCalled,Undefined,Undefined,,Undefined,0,0,,,,,,,,,,,,,,,,,,,,,,,,,,,,,,,,,,,,,,,,,,KEI_KEI,WAS_EDA,JinguStadium,TeamExclusive,Team,20201107-JinguStadium-1,,,v3,,,,,,,WAS_EDA,,,,,,,,,,,,,,,,,,,,,,,,,,,,,,,,,,,,,,,,,,,,,,,,,,,,,,,,,,,,,,,,,,,,,,山口 智久
145,2020/11/8,,2020/11/8,,1,2,"Takuma, Yamashita",1000074022,Right,WAS_EDA,"Haruto, Watanabe",1000073445,Right,KEI_KEI,,5,Bottom,0,0,1,,,InPlay,Undefined,GroundBall,,Out,1,0,,,,,,,,,,,,,,,,,,,,,,,,,,,,,,,,,,,,,,,,,,KEI_KEI,WAS_EDA,JinguStadium,TeamExclusive,Team,20201107-JinguStadium-1,,,v3,,,,,,,WAS_EDA,,,,,,,,,,,,,,,,,,,,,,,,,,,,,,,,,,,,,,,,,,,,,,,,,,,,,,,,,,,,,,,,,,,,,,山口 智久
146,2020/11/8,,2020/11/8,,2,1,"Takuma, Yamashita",1000074022,Right,WAS_EDA,"Ryuta, Hirose",1000089826,Right,KEI_KEI,,5,Bottom,1,0,0,,,BallCalled,Undefined,Undefined,,Undefined,0,0,,,,,,,,,,,,,,,,,,,,,,,,,,,,,,,,,,,,,,,,,,KEI_KEI,WAS_EDA,JinguStadium,TeamExclusive,Team,20201107-JinguStadium-1,,,v3,,,,,,,WAS_EDA,,,,,,,,,,,,,,,,,,,,,,,,,,,,,,,,,,,,,,,,,,,,,,,,,,,,,,,,,,,,,,,,,,,,,,山口 智久
147,2020/11/8,,2020/11/8,,2,2,"Takuma, Yamashita",1000074022,Right,WAS_EDA,"Ryuta, Hirose",1000089826,Right,KEI_KEI,,5,Bottom,1,1,0,,,StrikeCalled,Undefined,Undefined,,Undefined,0,0,,,,,,,,,,,,,,,,,,,,,,,,,,,,,,,,,,,,,,,,,,KEI_KEI,WAS_EDA,JinguStadium,TeamExclusive,Team,20201107-JinguStadium-1,,,v3,,,,,,,WAS_EDA,,,,,,,,,,,,,,,,,,,,,,,,,,,,,,,,,,,,,,,,,,,,,,,,,,,,,,,,,,,,,,,,,,,,,,山口 智久
148,2020/11/8,,2020/11/8,,2,3,"Takuma, Yamashita",1000074022,Right,WAS_EDA,"Ryuta, Hirose",1000089826,Right,KEI_KEI,,5,Bottom,1,1,1,,,BallCalled,Undefined,Undefined,,Undefined,0,0,,,,,,,,,,,,,,,,,,,,,,,,,,,,,,,,,,,,,,,,,,KEI_KEI,WAS_EDA,JinguStadium,TeamExclusive,Team,20201107-JinguStadium-1,,,v3,,,,,,,WAS_EDA,,,,,,,,,,,,,,,,,,,,,,,,,,,,,,,,,,,,,,,,,,,,,,,,,,,,,,,,,,,,,,,,,,,,,,山口 智久
149,2020/11/8,,2020/11/8,,2,4,"Takuma, Yamashita",1000074022,Right,WAS_EDA,"Ryuta, Hirose",1000089826,Right,KEI_KEI,,5,Bottom,1,2,1,,,FoulBall,Undefined,Undefined,,Undefined,0,0,,,,,,,,,,,,,,,,,,,,,,,,,,,,,,,,,,,,,,,,,,KEI_KEI,WAS_EDA,JinguStadium,TeamExclusive,Team,20201107-JinguStadium-1,,,v3,,,,,,,WAS_EDA,,,,,,,,,,,,,,,,,,,,,,,,,,,,,,,,,,,,,,,,,,,,,,,,,,,,,,,,,,,,,,,,,,,,,,山口 智久
150,2020/11/8,,2020/11/8,,2,5,"Takuma, Yamashita",1000074022,Right,WAS_EDA,"Ryuta, Hirose",1000089826,Right,KEI_KEI,,5,Bottom,1,2,2,,,StrikeSwinging,Strikeout,Undefined,,Undefined,0,0,,,,,,,,,,,,,,,,,,,,,,,,,,,,,,,,,,,,,,,,,,KEI_KEI,WAS_EDA,JinguStadium,TeamExclusive,Team,20201107-JinguStadium-1,,,v3,,,,,,,WAS_EDA,,,,,,,,,,,,,,,,,,,,,,,,,,,,,,,,,,,,,,,,,,,,,,,,,,,,,,,,,,,,,,,,,,,,,,山口 智久
151,2020/11/8,,2020/11/8,,3,1,"Takuma, Yamashita",1000074022,Right,WAS_EDA,"Yusuke, Shimoyama",1000073403,Left,KEI_KEI,,5,Bottom,2,0,0,,,StrikeCalled,Undefined,Undefined,,Undefined,0,0,,,,,,,,,,,,,,,,,,,,,,,,,,,,,,,,,,,,,,,,,,KEI_KEI,WAS_EDA,JinguStadium,TeamExclusive,Team,20201107-JinguStadium-1,,,v3,,,,,,,WAS_EDA,,,,,,,,,,,,,,,,,,,,,,,,,,,,,,,,,,,,,,,,,,,,,,,,,,,,,,,,,,,,,,,,,,,,,,山口 智久
152,2020/11/8,,2020/11/8,,3,2,"Takuma, Yamashita",1000074022,Right,WAS_EDA,"Yusuke, Shimoyama",1000073403,Left,KEI_KEI,,5,Bottom,2,0,1,,,StrikeCalled,Undefined,Undefined,,Undefined,0,0,,,,,,,,,,,,,,,,,,,,,,,,,,,,,,,,,,,,,,,,,,KEI_KEI,WAS_EDA,JinguStadium,TeamExclusive,Team,20201107-JinguStadium-1,,,v3,,,,,,,WAS_EDA,,,,,,,,,,,,,,,,,,,,,,,,,,,,,,,,,,,,,,,,,,,,,,,,,,,,,,,,,,,,,,,,,,,,,,山口 智久
153,2020/11/8,,2020/11/8,,3,3,"Takuma, Yamashita",1000074022,Right,WAS_EDA,"Yusuke, Shimoyama",1000073403,Left,KEI_KEI,,5,Bottom,2,0,2,,,StrikeCalled,Strikeout,Undefined,,Undefined,0,0,,,,,,,,,,,,,,,,,,,,,,,,,,,,,,,,,,,,,,,,,,KEI_KEI,WAS_EDA,JinguStadium,TeamExclusive,Team,20201107-JinguStadium-1,,,v3,,,,,,,WAS_EDA,,,,,,,,,,,,,,,,,,,,,,,,,,,,,,,,,,,,,,,,,,,,,,,,,,,,,,,,,,,,,,,,,,,,,,山口 智久
154,2020/11/8,,2020/11/8,,1,1,"Ginji, Hasebe",1000073304,Left,KEI_KEI,"Kotaro, Takizawa",1000073989,Left,WAS_EDA,,6,Top,0,0,0,,,StrikeCalled,Undefined,Undefined,,Undefined,0,0,,,,,,,,,,,,,,,,,,,,,,,,,,,,,,,,,,,,,,,,,,KEI_KEI,WAS_EDA,JinguStadium,TeamExclusive,Team,20201107-JinguStadium-1,,,v3,,,,,,,KEI_KEI,,,,,,,,,,,,,,,,,,,,,,,,,,,,,,,,,,,,,,,,,,,,,,,,,,,,,,,,,,,,,,,,,,,,,,山口 智久
155,2020/11/8,,2020/11/8,,1,2,"Ginji, Hasebe",1000073304,Left,KEI_KEI,"Kotaro, Takizawa",1000073989,Left,WAS_EDA,,6,Top,0,0,1,,,BallCalled,Undefined,Undefined,,Undefined,0,0,,,,,,,,,,,,,,,,,,,,,,,,,,,,,,,,,,,,,,,,,,KEI_KEI,WAS_EDA,JinguStadium,TeamExclusive,Team,20201107-JinguStadium-1,,,v3,,,,,,,KEI_KEI,,,,,,,,,,,,,,,,,,,,,,,,,,,,,,,,,,,,,,,,,,,,,,,,,,,,,,,,,,,,,,,,,,,,,,山口 智久
156,2020/11/8,,2020/11/8,,1,3,"Ginji, Hasebe",1000073304,Left,KEI_KEI,"Kotaro, Takizawa",1000073989,Left,WAS_EDA,,6,Top,0,1,1,,,FoulBall,Undefined,Undefined,,Undefined,0,0,,,,,,,,,,,,,,,,,,,,,,,,,,,,,,,,,,,,,,,,,,KEI_KEI,WAS_EDA,JinguStadium,TeamExclusive,Team,20201107-JinguStadium-1,,,v3,,,,,,,KEI_KEI,,,,,,,,,,,,,,,,,,,,,,,,,,,,,,,,,,,,,,,,,,,,,,,,,,,,,,,,,,,,,,,,,,,,,,山口 智久
157,2020/11/8,,2020/11/8,,1,4,"Ginji, Hasebe",1000073304,Left,KEI_KEI,"Kotaro, Takizawa",1000073989,Left,WAS_EDA,,6,Top,0,1,2,,,BallCalled,Undefined,Undefined,,Undefined,0,0,,,,,,,,,,,,,,,,,,,,,,,,,,,,,,,,,,,,,,,,,,KEI_KEI,WAS_EDA,JinguStadium,TeamExclusive,Team,20201107-JinguStadium-1,,,v3,,,,,,,KEI_KEI,,,,,,,,,,,,,,,,,,,,,,,,,,,,,,,,,,,,,,,,,,,,,,,,,,,,,,,,,,,,,,,,,,,,,,山口 智久
158,2020/11/8,,2020/11/8,,1,5,"Ginji, Hasebe",1000073304,Left,KEI_KEI,"Kotaro, Takizawa",1000073989,Left,WAS_EDA,,6,Top,0,2,2,,,BallCalled,Undefined,Undefined,,Undefined,0,0,,,,,,,,,,,,,,,,,,,,,,,,,,,,,,,,,,,,,,,,,,KEI_KEI,WAS_EDA,JinguStadium,TeamExclusive,Team,20201107-JinguStadium-1,,,v3,,,,,,,KEI_KEI,,,,,,,,,,,,,,,,,,,,,,,,,,,,,,,,,,,,,,,,,,,,,,,,,,,,,,,,,,,,,,,,,,,,,,山口 智久
159,2020/11/8,,2020/11/8,,1,6,"Ginji, Hasebe",1000073304,Left,KEI_KEI,"Kotaro, Takizawa",1000073989,Left,WAS_EDA,,6,Top,0,3,2,,,FoulBall,Undefined,Undefined,,Undefined,0,0,,,,,,,,,,,,,,,,,,,,,,,,,,,,,,,,,,,,,,,,,,KEI_KEI,WAS_EDA,JinguStadium,TeamExclusive,Team,20201107-JinguStadium-1,,,v3,,,,,,,KEI_KEI,,,,,,,,,,,,,,,,,,,,,,,,,,,,,,,,,,,,,,,,,,,,,,,,,,,,,,,,,,,,,,,,,,,,,,山口 智久
160,2020/11/8,,2020/11/8,,1,7,"Ginji, Hasebe",1000073304,Left,KEI_KEI,"Kotaro, Takizawa",1000073989,Left,WAS_EDA,,6,Top,0,3,2,,,FoulBall,Undefined,Undefined,,Undefined,0,0,,,,,,,,,,,,,,,,,,,,,,,,,,,,,,,,,,,,,,,,,,KEI_KEI,WAS_EDA,JinguStadium,TeamExclusive,Team,20201107-JinguStadium-1,,,v3,,,,,,,KEI_KEI,,,,,,,,,,,,,,,,,,,,,,,,,,,,,,,,,,,,,,,,,,,,,,,,,,,,,,,,,,,,,,,,,,,,,,山口 智久
161,2020/11/8,,2020/11/8,,1,8,"Ginji, Hasebe",1000073304,Left,KEI_KEI,"Kotaro, Takizawa",1000073989,Left,WAS_EDA,,6,Top,0,3,2,,,StrikeSwinging,Strikeout,Undefined,,Undefined,0,0,,,,,,,,,,,,,,,,,,,,,,,,,,,,,,,,,,,,,,,,,,KEI_KEI,WAS_EDA,JinguStadium,TeamExclusive,Team,20201107-JinguStadium-1,,,v3,,,,,,,KEI_KEI,,,,,,,,,,,,,,,,,,,,,,,,,,,,,,,,,,,,,,,,,,,,,,,,,,,,,,,,,,,,,,,,,,,,,,山口 智久
162,2020/11/8,,2020/11/8,,2,1,"Shota, Masui",1000073328,Left,KEI_KEI,"Hisashige, Iwamoto",1000074023,Right,WAS_EDA,,6,Top,1,0,0,,,InPlay,Undefined,Popup,,Out,1,0,,,,,,,,,,,,,,,,,,,,,,,,,,,,,,,,,,,,,,,,,,KEI_KEI,WAS_EDA,JinguStadium,TeamExclusive,Team,20201107-JinguStadium-1,,,v3,,,,,,,KEI_KEI,,,,,,,,,,,,,,,,,,,,,,,,,,,,,,,,,,,,,,,,,,,,,,,,,,,,,,,,,,,,,,,,,,,,,,山口 智久
163,2020/11/8,,2020/11/8,,3,1,"Shota, Masui",1000073328,Left,KEI_KEI,"Masashi, Maruyama",1000074031,Left,WAS_EDA,,6,Top,2,0,0,,,BallCalled,Undefined,Undefined,,Undefined,0,0,,,,,,,,,,,,,,,,,,,,,,,,,,,,,,,,,,,,,,,,,,KEI_KEI,WAS_EDA,JinguStadium,TeamExclusive,Team,20201107-JinguStadium-1,,,v3,,,,,,,KEI_KEI,,,,,,,,,,,,,,,,,,,,,,,,,,,,,,,,,,,,,,,,,,,,,,,,,,,,,,,,,,,,,,,,,,,,,,山口 智久
164,2020/11/8,,2020/11/8,,3,2,"Shota, Masui",1000073328,Left,KEI_KEI,"Masashi, Maruyama",1000074031,Left,WAS_EDA,,6,Top,2,1,0,,,BallCalled,Undefined,Undefined,,Undefined,0,0,,,,,,,,,,,,,,,,,,,,,,,,,,,,,,,,,,,,,,,,,,KEI_KEI,WAS_EDA,JinguStadium,TeamExclusive,Team,20201107-JinguStadium-1,,,v3,,,,,,,KEI_KEI,,,,,,,,,,,,,,,,,,,,,,,,,,,,,,,,,,,,,,,,,,,,,,,,,,,,,,,,,,,,,,,,,,,,,,山口 智久
165,2020/11/8,,2020/11/8,,3,3,"Shota, Masui",1000073328,Left,KEI_KEI,"Masashi, Maruyama",1000074031,Left,WAS_EDA,,6,Top,2,2,0,,,BallCalled,Undefined,Undefined,,Undefined,0,0,,,,,,,,,,,,,,,,,,,,,,,,,,,,,,,,,,,,,,,,,,KEI_KEI,WAS_EDA,JinguStadium,TeamExclusive,Team,20201107-JinguStadium-1,,,v3,,,,,,,KEI_KEI,,,,,,,,,,,,,,,,,,,,,,,,,,,,,,,,,,,,,,,,,,,,,,,,,,,,,,,,,,,,,,,,,,,,,,山口 智久
166,2020/11/8,,2020/11/8,,3,4,"Shota, Masui",1000073328,Left,KEI_KEI,"Masashi, Maruyama",1000074031,Left,WAS_EDA,,6,Top,2,3,0,,,BallCalled,Walk,Undefined,,Undefined,0,0,,,,,,,,,,,,,,,,,,,,,,,,,,,,,,,,,,,,,,,,,,KEI_KEI,WAS_EDA,JinguStadium,TeamExclusive,Team,20201107-JinguStadium-1,,,v3,,,,,,,KEI_KEI,,,,,,,,,,,,,,,,,,,,,,,,,,,,,,,,,,,,,,,,,,,,,,,,,,,,,,,,,,,,,,,,,,,,,,山口 智久
167,2020/11/8,,2020/11/8,,4,1,"Shota, Masui",1000073328,Left,KEI_KEI,"Kenta, Nomura",1000089887,Right,WAS_EDA,,6,Top,2,0,0,,,BallCalled,Undefined,Undefined,,Undefined,0,0,1,,,,,,,,,,,,,,,,,,,,,,,,,,,,,,,,,,,,,,,,,KEI_KEI,WAS_EDA,JinguStadium,TeamExclusive,Team,20201107-JinguStadium-1,,,v3,,,,,,,KEI_KEI,,,,,,,,,,,,,,,,,,,,,,,,,,,,,,,,,,,,,,,,,,,,,,,,,,,,,,,,,,,,,,,,,,,,,,山口 智久
168,2020/11/8,,2020/11/8,,4,2,"Shota, Masui",1000073328,Left,KEI_KEI,"Kenta, Nomura",1000089887,Right,WAS_EDA,,6,Top,2,1,0,,,StrikeCalled,Undefined,Undefined,,Undefined,0,0,1,,,,,,,,,,,,,,,,,,,,,,,,,,,,,,,,,,,,,,,,,KEI_KEI,WAS_EDA,JinguStadium,TeamExclusive,Team,20201107-JinguStadium-1,,,v3,,,,,,,KEI_KEI,,,,,,,,,,,,,,,,,,,,,,,,,,,,,,,,,,,,,,,,,,,,,,,,,,,,,,,,,,,,,,,,,,,,,,山口 智久
169,2020/11/8,,2020/11/8,,4,3,"Shota, Masui",1000073328,Left,KEI_KEI,"Kenta, Nomura",1000089887,Right,WAS_EDA,,6,Top,2,1,1,,,BallCalled,Undefined,Undefined,,Undefined,0,0,1,,,,,,,,,,,,,,,,,,,,,,,,,,,,,,,,,,,,,,,,,KEI_KEI,WAS_EDA,JinguStadium,TeamExclusive,Team,20201107-JinguStadium-1,,,v3,,,,,,,KEI_KEI,,,,,,,,,,,,,,,,,,,,,,,,,,,,,,,,,,,,,,,,,,,,,,,,,,,,,,,,,,,,,,,,,,,,,,山口 智久
170,2020/11/8,,2020/11/8,,4,4,"Shota, Masui",1000073328,Left,KEI_KEI,"Kenta, Nomura",1000089887,Right,WAS_EDA,,6,Top,2,2,1,,,InPlay,Undefined,GroundBall,,Out,1,0,1,,,,,,,,,,,,,,,,,,,,,,,,,,,,,,,,,,,,,,,,,KEI_KEI,WAS_EDA,JinguStadium,TeamExclusive,Team,20201107-JinguStadium-1,,,v3,,,,,,,KEI_KEI,,,,,,,,,,,,,,,,,,,,,,,,,,,,,,,,,,,,,,,,,,,,,,,,,,,,,,,,,,,,,,,,,,,,,,山口 智久
171,2020/11/8,,2020/11/8,,1,1,"Soma, Tokuyama",1000073775,Right,WAS_EDA,"Tomoya, Masaki",1000073443,Right,KEI_KEI,,6,Bottom,0,0,0,,,StrikeCalled,Undefined,Undefined,,Undefined,0,0,,,,,,,,,,,,,,,,,,,,,,,,,,,,,,,,,,,,,,,,,,KEI_KEI,WAS_EDA,JinguStadium,TeamExclusive,Team,20201107-JinguStadium-1,,,v3,,,,,,,WAS_EDA,,,,,,,,,,,,,,,,,,,,,,,,,,,,,,,,,,,,,,,,,,,,,,,,,,,,,,,,,,,,,,,,,,,,,,山口 智久
172,2020/11/8,,2020/11/8,,1,2,"Soma, Tokuyama",1000073775,Right,WAS_EDA,"Tomoya, Masaki",1000073443,Right,KEI_KEI,,6,Bottom,0,0,1,,,FoulBall,Undefined,Undefined,,Undefined,0,0,,,,,,,,,,,,,,,,,,,,,,,,,,,,,,,,,,,,,,,,,,KEI_KEI,WAS_EDA,JinguStadium,TeamExclusive,Team,20201107-JinguStadium-1,,,v3,,,,,,,WAS_EDA,,,,,,,,,,,,,,,,,,,,,,,,,,,,,,,,,,,,,,,,,,,,,,,,,,,,,,,,,,,,,,,,,,,,,,山口 智久
173,2020/11/8,,2020/11/8,,1,3,"Soma, Tokuyama",1000073775,Right,WAS_EDA,"Tomoya, Masaki",1000073443,Right,KEI_KEI,,6,Bottom,0,0,2,,,BallCalled,Undefined,Undefined,,Undefined,0,0,,,,,,,,,,,,,,,,,,,,,,,,,,,,,,,,,,,,,,,,,,KEI_KEI,WAS_EDA,JinguStadium,TeamExclusive,Team,20201107-JinguStadium-1,,,v3,,,,,,,WAS_EDA,,,,,,,,,,,,,,,,,,,,,,,,,,,,,,,,,,,,,,,,,,,,,,,,,,,,,,,,,,,,,,,,,,,,,,山口 智久
174,2020/11/8,,2020/11/8,,1,4,"Soma, Tokuyama",1000073775,Right,WAS_EDA,"Tomoya, Masaki",1000073443,Right,KEI_KEI,,6,Bottom,0,0,2,,,StrikeSwinging,Strikeout,Undefined,,Undefined,0,0,,,,,,,,,,,,,,,,,,,,,,,,,,,,,,,,,,,,,,,,,,#REF!,WAS_EDA,JinguStadium,TeamExclusive,Team,20201107-JinguStadium-1,,,v3,,,,,,,WAS_EDA,,,,,,,,,,,,,,,,,,,,,,,,,,,,,,,,,,,,,,,,,,,,,,,,,,,,,,,,,,,,,,,,,,,,,,山口 智久
175,2020/11/8,,2020/11/8,,2,1,"Soma, Tokuyama",1000073775,Right,WAS_EDA,"Noriyuki, Hashimoto",1000073442,Left,KEI_KEI,,6,Bottom,1,0,1,,,BallCalled,Undefined,Undefined,,Undefined,0,0,,,,,,,,,,,,,,,,,,,,,,,,,,,,,,,,,,,,,,,,,,KEI_KEI,WAS_EDA,JinguStadium,TeamExclusive,Team,20201107-JinguStadium-1,,,v3,,,,,,,WAS_EDA,,,,,,,,,,,,,,,,,,,,,,,,,,,,,,,,,,,,,,,,,,,,,,,,,,,,,,,,,,,,,,,,,,,,,,山口 智久
176,2020/11/8,,2020/11/8,,2,2,"Soma, Tokuyama",1000073775,Right,WAS_EDA,"Noriyuki, Hashimoto",1000073442,Left,KEI_KEI,,6,Bottom,1,1,1,,,BallCalled,Undefined,Undefined,,Undefined,0,0,,,,,,,,,,,,,,,,,,,,,,,,,,,,,,,,,,,,,,,,,,KEI_KEI,WAS_EDA,JinguStadium,TeamExclusive,Team,20201107-JinguStadium-1,,,v3,,,,,,,WAS_EDA,,,,,,,,,,,,,,,,,,,,,,,,,,,,,,,,,,,,,,,,,,,,,,,,,,,,,,,,,,,,,,,,,,,,,,山口 智久
177,2020/11/8,,2020/11/8,,2,3,"Soma, Tokuyama",1000073775,Right,WAS_EDA,"Noriyuki, Hashimoto",1000073442,Left,KEI_KEI,,6,Bottom,1,0,0,,,InPlay,Undefined,Popup,,Out,1,0,,,,,,,,,,,,,,,,,,,,,,,,,,,,,,,,,,,,,,,,,,KEI_KEI,WAS_EDA,JinguStadium,TeamExclusive,Team,20201107-JinguStadium-1,,,v3,,,,,,,WAS_EDA,,,,,,,,,,,,,,,,,,,,,,,,,,,,,,,,,,,,,,,,,,,,,,,,,,,,,,,,,,,,,,,,,,,,,,山口 智久
178,2020/11/8,,2020/11/8,,3,1,"Soma, Tokuyama",1000073775,Right,WAS_EDA,"Sho, Miyao",1000073415,Left,KEI_KEI,,6,Bottom,2,0,0,,,BallCalled,Undefined,Undefined,,Undefined,0,0,,,,,,,,,,,,,,,,,,,,,,,,,,,,,,,,,,,,,,,,,,KEI_KEI,WAS_EDA,JinguStadium,TeamExclusive,Team,20201107-JinguStadium-1,,,v3,,,,,,,WAS_EDA,,,,,,,,,,,,,,,,,,,,,,,,,,,,,,,,,,,,,,,,,,,,,,,,,,,,,,,,,,,,,,,,,,,,,,山口 智久
179,2020/11/8,,2020/11/8,,3,2,"Soma, Tokuyama",1000073775,Right,WAS_EDA,"Sho, Miyao",1000073415,Left,KEI_KEI,,6,Bottom,2,1,0,,,StrikeCalled,Undefined,Undefined,,Undefined,0,0,,,,,,,,,,,,,,,,,,,,,,,,,,,,,,,,,,,,,,,,,,KEI_KEI,WAS_EDA,JinguStadium,TeamExclusive,Team,20201107-JinguStadium-1,,,v3,,,,,,,WAS_EDA,,,,,,,,,,,,,,,,,,,,,,,,,,,,,,,,,,,,,,,,,,,,,,,,,,,,,,,,,,,,,,,,,,,,,,山口 智久
180,2020/11/8,,2020/11/8,,3,3,"Soma, Tokuyama",1000073775,Right,WAS_EDA,"Sho, Miyao",1000073415,Left,KEI_KEI,,6,Bottom,2,1,1,,,FoulBall,Undefined,Undefined,,Undefined,0,0,,,,,,,,,,,,,,,,,,,,,,,,,,,,,,,,,,,,,,,,,,KEI_KEI,WAS_EDA,JinguStadium,TeamExclusive,Team,20201107-JinguStadium-1,,,v3,,,,,,,WAS_EDA,,,,,,,,,,,,,,,,,,,,,,,,,,,,,,,,,,,,,,,,,,,,,,,,,,,,,,,,,,,,,,,,,,,,,,山口 智久
181,2020/11/8,,2020/11/8,,3,4,"Soma, Tokuyama",1000073775,Right,WAS_EDA,"Sho, Miyao",1000073415,Left,KEI_KEI,,6,Bottom,2,1,2,,,FoulBall,Undefined,Undefined,,Undefined,0,0,,,,,,,,,,,,,,,,,,,,,,,,,,,,,,,,,,,,,,,,,,KEI_KEI,WAS_EDA,JinguStadium,TeamExclusive,Team,20201107-JinguStadium-1,,,v3,,,,,,,WAS_EDA,,,,,,,,,,,,,,,,,,,,,,,,,,,,,,,,,,,,,,,,,,,,,,,,,,,,,,,,,,,,,,,,,,,,,,山口 智久
182,2020/11/8,,2020/11/8,,3,5,"Soma, Tokuyama",1000073775,Right,WAS_EDA,"Sho, Miyao",1000073415,Left,KEI_KEI,,6,Bottom,2,1,2,,,InPlay,Undefined,GroundBall,,Out,1,0,,,,,,,,,,,,,,,,,,,,,,,,,,,,,,,,,,,,,,,,,,KEI_KEI,WAS_EDA,JinguStadium,TeamExclusive,Team,20201107-JinguStadium-1,,,v3,,,,,,,WAS_EDA,,,,,,,,,,,,,,,,,,,,,,,,,,,,,,,,,,,,,,,,,,,,,,,,,,,,,,,,,,,,,,,,,,,,,,山口 智久
183,2020/11/8,,2020/11/8,,1,1,"Shota, Masui",1000073328,Left,KEI_KEI,"Toyo, Kumada",1000089879,Left,WAS_EDA,,7,Top,0,0,0,,,StrikeCalled,Undefined,Undefined,,Undefined,0,0,,,,,,,,,,,,,,,,,,,,,,,,,,,,,,,,,,,,,,,,,,KEI_KEI,WAS_EDA,JinguStadium,TeamExclusive,Team,20201107-JinguStadium-1,,,v3,,,,,,,KEI_KEI,,,,,,,,,,,,,,,,,,,,,,,,,,,,,,,,,,,,,,,,,,,,,,,,,,,,,,,,,,,,,,,,,,,,,,山口 智久
184,2020/11/8,,2020/11/8,,1,2,"Shota, Masui",1000073328,Left,KEI_KEI,"Toyo, Kumada",1000089879,Left,WAS_EDA,,7,Top,0,0,1,,,StrikeSwinging,Undefined,Undefined,,Undefined,0,0,,,,,,,,,,,,,,,,,,,,,,,,,,,,,,,,,,,,,,,,,,KEI_KEI,WAS_EDA,JinguStadium,TeamExclusive,Team,20201107-JinguStadium-1,,,v3,,,,,,,KEI_KEI,,,,,,,,,,,,,,,,,,,,,,,,,,,,,,,,,,,,,,,,,,,,,,,,,,,,,,,,,,,,,,,,,,,,,,山口 智久
185,2020/11/8,,2020/11/8,,1,3,"Shota, Masui",1000073328,Left,KEI_KEI,"Toyo, Kumada",1000089879,Left,WAS_EDA,,7,Top,0,0,2,,,BallCalled,Undefined,Undefined,,Undefined,0,0,,,,,,,,,,,,,,,,,,,,,,,,,,,,,,,,,,,,,,,,,,KEI_KEI,WAS_EDA,JinguStadium,TeamExclusive,Team,20201107-JinguStadium-1,,,v3,,,,,,,KEI_KEI,,,,,,,,,,,,,,,,,,,,,,,,,,,,,,,,,,,,,,,,,,,,,,,,,,,,,,,,,,,,,,,,,,,,,,山口 智久
186,2020/11/8,,2020/11/8,,1,4,"Shota, Masui",1000073328,Left,KEI_KEI,"Toyo, Kumada",1000089879,Left,WAS_EDA,,7,Top,0,1,2,,,FoulBall,Undefined,Undefined,,Undefined,0,0,,,,,,,,,,,,,,,,,,,,,,,,,,,,,,,,,,,,,,,,,,KEI_KEI,WAS_EDA,JinguStadium,TeamExclusive,Team,20201107-JinguStadium-1,,,v3,,,,,,,KEI_KEI,,,,,,,,,,,,,,,,,,,,,,,,,,,,,,,,,,,,,,,,,,,,,,,,,,,,,,,,,,,,,,,,,,,,,,山口 智久
187,2020/11/8,,2020/11/8,,1,5,"Shota, Masui",1000073328,Left,KEI_KEI,"Toyo, Kumada",1000089879,Left,WAS_EDA,,7,Top,0,1,2,,,StrikeSwinging,Strikeout,Undefined,,Undefined,0,0,,,,,,,,,,,,,,,,,,,,,,,,,,,,,,,,,,,,,,,,,,KEI_KEI,WAS_EDA,JinguStadium,TeamExclusive,Team,20201107-JinguStadium-1,,,v3,,,,,,,KEI_KEI,,,,,,,,,,,,,,,,,,,,,,,,,,,,,,,,,,,,,,,,,,,,,,,,,,,,,,,,,,,,,,,,,,,,,,山口 智久
188,2020/11/8,,2020/11/8,,2,1,"Shota, Masui",1000073328,Left,KEI_KEI,"Takuya, Hiruma",1000074108,Left,WAS_EDA,,7,Top,1,0,0,,,BallCalled,Undefined,Undefined,,Undefined,0,0,,,,,,,,,,,,,,,,,,,,,,,,,,,,,,,,,,,,,,,,,,KEI_KEI,WAS_EDA,JinguStadium,TeamExclusive,Team,20201107-JinguStadium-1,,,v3,,,,,,,KEI_KEI,,,,,,,,,,,,,,,,,,,,,,,,,,,,,,,,,,,,,,,,,,,,,,,,,,,,,,,,,,,,,,,,,,,,,,山口 智久
189,2020/11/8,,2020/11/8,,2,2,"Shota, Masui",1000073328,Left,KEI_KEI,"Takuya, Hiruma",1000074108,Left,WAS_EDA,,7,Top,1,1,0,,,StrikeSwinging,Undefined,Undefined,,Undefined,0,0,,,,,,,,,,,,,,,,,,,,,,,,,,,,,,,,,,,,,,,,,,KEI_KEI,WAS_EDA,JinguStadium,TeamExclusive,Team,20201107-JinguStadium-1,,,v3,,,,,,,KEI_KEI,,,,,,,,,,,,,,,,,,,,,,,,,,,,,,,,,,,,,,,,,,,,,,,,,,,,,,,,,,,,,,,,,,,,,,山口 智久
190,2020/11/8,,2020/11/8,,2,3,"Shota, Masui",1000073328,Left,KEI_KEI,"Takuya, Hiruma",1000074108,Left,WAS_EDA,,7,Top,1,1,1,,,BallCalled,Undefined,Undefined,,Undefined,0,0,,,,,,,,,,,,,,,,,,,,,,,,,,,,,,,,,,,,,,,,,,KEI_KEI,WAS_EDA,JinguStadium,TeamExclusive,Team,20201107-JinguStadium-1,,,v3,,,,,,,KEI_KEI,,,,,,,,,,,,,,,,,,,,,,,,,,,,,,,,,,,,,,,,,,,,,,,,,,,,,,,,,,,,,,,,,,,,,,山口 智久
191,2020/11/8,,2020/11/8,,2,4,"Shota, Masui",1000073328,Left,KEI_KEI,"Takuya, Hiruma",1000074108,Left,WAS_EDA,,7,Top,1,2,1,,,BallCalled,Undefined,Undefined,,Undefined,0,0,,,,,,,,,,,,,,,,,,,,,,,,,,,,,,,,,,,,,,,,,,KEI_KEI,WAS_EDA,JinguStadium,TeamExclusive,Team,20201107-JinguStadium-1,,,v3,,,,,,,KEI_KEI,,,,,,,,,,,,,,,,,,,,,,,,,,,,,,,,,,,,,,,,,,,,,,,,,,,,,,,,,,,,,,,,,,,,,,山口 智久
192,2020/11/8,,2020/11/8,,2,5,"Shota, Masui",1000073328,Left,KEI_KEI,"Takuya, Hiruma",1000074108,Left,WAS_EDA,,7,Top,1,3,1,,,BallCalled,Walk,Undefined,,Undefined,0,0,,,,,,,,,,,,,,,,,,,,,,,,,,,,,,,,,,,,,,,,,,KEI_KEI,WAS_EDA,JinguStadium,TeamExclusive,Team,20201107-JinguStadium-1,,,v3,,,,,,,KEI_KEI,,,,,,,,,,,,,,,,,,,,,,,,,,,,,,,,,,,,,,,,,,,,,,,,,,,,,,,,,,,,,,,,,,,,,,山口 智久
193,2020/11/8,,2020/11/8,,3,1,"Shota, Masui",1000073328,Left,KEI_KEI,"Soma, Tokuyama",1000073775,Right,WAS_EDA,,7,Top,1,0,0,,,InPlay,Undefined,Bunt,,Sacrifice,1,0,1,,,,,,,,,,,,,,,,,,,,,,,,,,,,,,,,,,,,,,,,,KEI_KEI,WAS_EDA,JinguStadium,TeamExclusive,Team,20201107-JinguStadium-1,,,v3,,,,,,,KEI_KEI,,,,,,,,,,,,,,,,,,,,,,,,,,,,,,,,,,,,,,,,,,,,,,,,,,,,,,,,,,,,,,,,,,,,,,山口 智久
194,2020/11/8,,2020/11/8,,4,1,"Tomoki, Sekine",1000073435,Right,KEI_KEI,"Ginsuke, Kaneko",1000073884,Right,WAS_EDA,,7,Top,2,0,0,,,StrikeCalled,Undefined,Undefined,,Undefined,0,0,2,,,,,,,,,,,,,,,,,,,,,,,,,,,,,,,,,,,,,,,,,KEI_KEI,WAS_EDA,JinguStadium,TeamExclusive,Team,20201107-JinguStadium-1,,,v3,,,,,,,KEI_KEI,,,,,,,,,,,,,,,,,,,,,,,,,,,,,,,,,,,,,,,,,,,,,,,,,,,,,,,,,,,,,,,,,,,,,,山口 智久
195,2020/11/8,,2020/11/8,,4,2,"Tomoki, Sekine",1000073435,Right,KEI_KEI,"Ginsuke, Kaneko",1000073884,Right,WAS_EDA,,7,Top,2,0,1,,,StrikeSwinging,Undefined,Undefined,,Undefined,0,0,2,,,,,,,,,,,,,,,,,,,,,,,,,,,,,,,,,,,,,,,,,KEI_KEI,WAS_EDA,JinguStadium,TeamExclusive,Team,20201107-JinguStadium-1,,,v3,,,,,,,KEI_KEI,,,,,,,,,,,,,,,,,,,,,,,,,,,,,,,,,,,,,,,,,,,,,,,,,,,,,,,,,,,,,,,,,,,,,,山口 智久
196,2020/11/8,,2020/11/8,,4,3,"Tomoki, Sekine",1000073435,Right,KEI_KEI,"Ginsuke, Kaneko",1000073884,Right,WAS_EDA,,7,Top,2,0,2,,,FoulBall,Undefined,Undefined,,Undefined,0,0,2,,,,,,,,,,,,,,,,,,,,,,,,,,,,,,,,,,,,,,,,,KEI_KEI,WAS_EDA,JinguStadium,TeamExclusive,Team,20201107-JinguStadium-1,,,v3,,,,,,,KEI_KEI,,,,,,,,,,,,,,,,,,,,,,,,,,,,,,,,,,,,,,,,,,,,,,,,,,,,,,,,,,,,,,,,,,,,,,山口 智久
197,2020/11/8,,2020/11/8,,4,4,"Tomoki, Sekine",1000073435,Right,KEI_KEI,"Ginsuke, Kaneko",1000073884,Right,WAS_EDA,,7,Top,2,0,2,,,FoulBall,Undefined,Undefined,,Undefined,0,0,2,,,,,,,,,,,,,,,,,,,,,,,,,,,,,,,,,,,,,,,,,KEI_KEI,WAS_EDA,JinguStadium,TeamExclusive,Team,20201107-JinguStadium-1,,,v3,,,,,,,KEI_KEI,,,,,,,,,,,,,,,,,,,,,,,,,,,,,,,,,,,,,,,,,,,,,,,,,,,,,,,,,,,,,,,,,,,,,,山口 智久
198,2020/11/8,,2020/11/8,,4,5,"Tomoki, Sekine",1000073435,Right,KEI_KEI,"Ginsuke, Kaneko",1000073884,Right,WAS_EDA,,7,Top,2,0,2,,,BallCalled,Undefined,Undefined,,Undefined,0,0,2,,,,,,,,,,,,,,,,,,,,,,,,,,,,,,,,,,,,,,,,,KEI_KEI,WAS_EDA,JinguStadium,TeamExclusive,Team,20201107-JinguStadium-1,,,v3,,,,,,,KEI_KEI,,,,,,,,,,,,,,,,,,,,,,,,,,,,,,,,,,,,,,,,,,,,,,,,,,,,,,,,,,,,,,,,,,,,,,山口 智久
199,2020/11/8,,2020/11/8,,4,6,"Tomoki, Sekine",1000073435,Right,KEI_KEI,"Ginsuke, Kaneko",1000073884,Right,WAS_EDA,,7,Top,2,1,2,,,BallCalled,Undefined,Undefined,,Undefined,0,0,2,,,,,,,,,,,,,,,,,,,,,,,,,,,,,,,,,,,,,,,,,KEI_KEI,WAS_EDA,JinguStadium,TeamExclusive,Team,20201107-JinguStadium-1,,,v3,,,,,,,KEI_KEI,,,,,,,,,,,,,,,,,,,,,,,,,,,,,,,,,,,,,,,,,,,,,,,,,,,,,,,,,,,,,,,,,,,,,,山口 智久
200,2020/11/8,,2020/11/8,,4,7,"Tomoki, Sekine",1000073435,Right,KEI_KEI,"Ginsuke, Kaneko",1000073884,Right,WAS_EDA,,7,Top,2,2,2,,,FoulBall,Undefined,Undefined,,Undefined,0,0,2,,,,,,,,,,,,,,,,,,,,,,,,,,,,,,,,,,,,,,,,,KEI_KEI,WAS_EDA,JinguStadium,TeamExclusive,Team,20201107-JinguStadium-1,,,v3,,,,,,,KEI_KEI,,,,,,,,,,,,,,,,,,,,,,,,,,,,,,,,,,,,,,,,,,,,,,,,,,,,,,,,,,,,,,,,,,,,,,山口 智久
201,2020/11/8,,2020/11/8,,4,8,"Tomoki, Sekine",1000073435,Right,KEI_KEI,"Ginsuke, Kaneko",1000073884,Right,WAS_EDA,,7,Top,2,2,2,,,InPlay,Undefined,GroundBall,,Out,1,0,2,,,,,,,,,,,,,,,,,,,,,,,,,,,,,,,,,,,,,,,,,KEI_KEI,WAS_EDA,JinguStadium,TeamExclusive,Team,20201107-JinguStadium-1,,,v3,,,,,,,KEI_KEI,,,,,,,,,,,,,,,,,,,,,,,,,,,,,,,,,,,,,,,,,,,,,,,,,,,,,,,,,,,,,,,,,,,,,,山口 智久
202,2020/11/8,,2020/11/8,,1,1,"Soma, Tokuyama",1000073775,Right,WAS_EDA,"Shogo, Fukui",1000073400,Left,KEI_KEI,,7,Bottom,0,0,0,,,StrikeCalled,Undefined,Undefined,,Undefined,0,0,,,,,,,,,,,,,,,,,,,,,,,,,,,,,,,,,,,,,,,,,,KEI_KEI,WAS_EDA,JinguStadium,TeamExclusive,Team,20201107-JinguStadium-1,,,v3,,,,,,,WAS_EDA,,,,,,,,,,,,,,,,,,,,,,,,,,,,,,,,,,,,,,,,,,,,,,,,,,,,,,,,,,,,,,,,,,,,,,山口 智久
203,2020/11/8,,2020/11/8,,1,2,"Soma, Tokuyama",1000073775,Right,WAS_EDA,"Shogo, Fukui",1000073400,Left,KEI_KEI,,7,Bottom,0,0,1,,,BallCalled,Undefined,Undefined,,Undefined,0,0,,,,,,,,,,,,,,,,,,,,,,,,,,,,,,,,,,,,,,,,,,KEI_KEI,WAS_EDA,JinguStadium,TeamExclusive,Team,20201107-JinguStadium-1,,,v3,,,,,,,WAS_EDA,,,,,,,,,,,,,,,,,,,,,,,,,,,,,,,,,,,,,,,,,,,,,,,,,,,,,,,,,,,,,,,,,,,,,,山口 智久
204,2020/11/8,,2020/11/8,,1,3,"Soma, Tokuyama",1000073775,Right,WAS_EDA,"Shogo, Fukui",1000073400,Left,KEI_KEI,,7,Bottom,0,1,1,,,InPlay,Undefined,GroundBall,,Out,1,0,,,,,,,,,,,,,,,,,,,,,,,,,,,,,,,,,,,,,,,,,,KEI_KEI,WAS_EDA,JinguStadium,TeamExclusive,Team,20201107-JinguStadium-1,,,v3,,,,,,,WAS_EDA,,,,,,,,,,,,,,,,,,,,,,,,,,,,,,,,,,,,,,,,,,,,,,,,,,,,,,,,,,,,,,,,,,,,,,山口 智久
205,2020/11/8,,2020/11/8,,2,1,"Soma, Tokuyama",1000073775,Right,WAS_EDA,"Jun, Setonishi",1000073406,Left,KEI_KEI,,7,Bottom,1,0,0,,,BallCalled,Undefined,Undefined,,Undefined,0,0,,,,,,,,,,,,,,,,,,,,,,,,,,,,,,,,,,,,,,,,,,KEI_KEI,WAS_EDA,JinguStadium,TeamExclusive,Team,20201107-JinguStadium-1,,,v3,,,,,,,WAS_EDA,,,,,,,,,,,,,,,,,,,,,,,,,,,,,,,,,,,,,,,,,,,,,,,,,,,,,,,,,,,,,,,,,,,,,,山口 智久
206,2020/11/8,,2020/11/8,,2,2,"Soma, Tokuyama",1000073775,Right,WAS_EDA,"Jun, Setonishi",1000073406,Left,KEI_KEI,,7,Bottom,1,1,0,,,FoulBall,Undefined,Undefined,,Undefined,0,0,,,,,,,,,,,,,,,,,,,,,,,,,,,,,,,,,,,,,,,,,,KEI_KEI,WAS_EDA,JinguStadium,TeamExclusive,Team,20201107-JinguStadium-1,,,v3,,,,,,,WAS_EDA,,,,,,,,,,,,,,,,,,,,,,,,,,,,,,,,,,,,,,,,,,,,,,,,,,,,,,,,,,,,,,,,,,,,,,山口 智久
207,2020/11/8,,2020/11/8,,2,3,"Soma, Tokuyama",1000073775,Right,WAS_EDA,"Jun, Setonishi",1000073406,Left,KEI_KEI,,7,Bottom,1,1,1,,,BallCalled,Undefined,Undefined,,Undefined,0,0,,,,,,,,,,,,,,,,,,,,,,,,,,,,,,,,,,,,,,,,,,KEI_KEI,WAS_EDA,JinguStadium,TeamExclusive,Team,20201107-JinguStadium-1,,,v3,,,,,,,WAS_EDA,,,,,,,,,,,,,,,,,,,,,,,,,,,,,,,,,,,,,,,,,,,,,,,,,,,,,,,,,,,,,,,,,,,,,,山口 智久
208,2020/11/8,,2020/11/8,,2,4,"Soma, Tokuyama",1000073775,Right,WAS_EDA,"Jun, Setonishi",1000073406,Left,KEI_KEI,,7,Bottom,1,2,1,,,FoulBall,Undefined,Undefined,,Undefined,0,0,,,,,,,,,,,,,,,,,,,,,,,,,,,,,,,,,,,,,,,,,,KEI_KEI,WAS_EDA,JinguStadium,TeamExclusive,Team,20201107-JinguStadium-1,,,v3,,,,,,,WAS_EDA,,,,,,,,,,,,,,,,,,,,,,,,,,,,,,,,,,,,,,,,,,,,,,,,,,,,,,,,,,,,,,,,,,,,,,山口 智久
209,2020/11/8,,2020/11/8,,2,5,"Soma, Tokuyama",1000073775,Right,WAS_EDA,"Jun, Setonishi",1000073406,Left,KEI_KEI,,7,Bottom,1,2,2,,,FoulBall,Undefined,Undefined,,Undefined,0,0,,,,,,,,,,,,,,,,,,,,,,,,,,,,,,,,,,,,,,,,,,KEI_KEI,WAS_EDA,JinguStadium,TeamExclusive,Team,20201107-JinguStadium-1,,,v3,,,,,,,WAS_EDA,,,,,,,,,,,,,,,,,,,,,,,,,,,,,,,,,,,,,,,,,,,,,,,,,,,,,,,,,,,,,,,,,,,,,,山口 智久
210,2020/11/8,,2020/11/8,,2,6,"Soma, Tokuyama",1000073775,Right,WAS_EDA,"Jun, Setonishi",1000073406,Left,KEI_KEI,,7,Bottom,1,2,2,,,BallCalled,Undefined,Undefined,,Undefined,0,0,,,,,,,,,,,,,,,,,,,,,,,,,,,,,,,,,,,,,,,,,,KEI_KEI,WAS_EDA,JinguStadium,TeamExclusive,Team,20201107-JinguStadium-1,,,v3,,,,,,,WAS_EDA,,,,,,,,,,,,,,,,,,,,,,,,,,,,,,,,,,,,,,,,,,,,,,,,,,,,,,,,,,,,,,,,,,,,,,山口 智久
211,2020/11/8,,2020/11/8,,2,7,"Soma, Tokuyama",1000073775,Right,WAS_EDA,"Jun, Setonishi",1000073406,Left,KEI_KEI,,7,Bottom,1,3,2,,,InPlay,Undefined,GroundBall,,Single,0,0,,,,,,,,,,,,,,,,,,,,,,,,,,,,,,,,,,,,,,,,,,KEI_KEI,WAS_EDA,JinguStadium,TeamExclusive,Team,20201107-JinguStadium-1,,,v3,,,,,,,WAS_EDA,,,,,,,,,,,,,,,,,,,,,,,,,,,,,,,,,,,,,,,,,,,,,,,,,,,,,,,,,,,,,,,,,,,,,,山口 智久
212,2020/11/8,,2020/11/8,,3,1,"Soma, Tokuyama",1000073775,Right,WAS_EDA,"Haruto, Asahi",1000073390,Left,KEI_KEI,,7,Bottom,1,0,0,,,BallCalled,Undefined,Undefined,,Undefined,0,0,1,,,,,,,,,,,,,,,,,,,,,,,,,,,,,,,,,,,,,,,,,KEI_KEI,WAS_EDA,JinguStadium,TeamExclusive,Team,20201107-JinguStadium-1,,,v3,,,,,,,WAS_EDA,,,,,,,,,,,,,,,,,,,,,,,,,,,,,,,,,,,,,,,,,,,,,,,,,,,,,,,,,,,,,,,,,,,,,,山口 智久
213,2020/11/8,,2020/11/8,,3,2,"Soma, Tokuyama",1000073775,Right,WAS_EDA,"Haruto, Asahi",1000073390,Left,KEI_KEI,,7,Bottom,1,1,0,,,InPlay,Undefined,GroundBall,,Out,2,0,1,,,,,,,,,,,,,,,,,,,,,,,,,,,,,,,,,,,,,,,,,KEI_KEI,WAS_EDA,JinguStadium,TeamExclusive,Team,20201107-JinguStadium-1,,,v3,,,,,,,WAS_EDA,,,,,,,,,,,,,,,,,,,,,,,,,,,,,,,,,,,,,,,,,,,,,,,,,,,,,,,,,,,,,,,,,,,,,,山口 智久
214,2020/11/8,,2020/11/8,,1,1,"Naofumi, Kizawa",1000073254,Right,KEI_KEI,"Kazuto, Yoshizawa",1000074012,Right,WAS_EDA,,8,Top,0,0,0,,,InPlay,Undefined,GroundBall,,Out,1,0,,,,,,,,,,,,,,,,,,,,,,,,,,,,,,,,,,,,,,,,,,KEI_KEI,WAS_EDA,JinguStadium,TeamExclusive,Team,20201107-JinguStadium-1,,,v3,,,,,,,KEI_KEI,,,,,,,,,,,,,,,,,,,,,,,,,,,,,,,,,,,,,,,,,,,,,,,,,,,,,,,,,,,,,,,,,,,,,,山口 智久
215,2020/11/8,,2020/11/8,,2,1,"Naofumi, Kizawa",1000073254,Right,KEI_KEI,"Kotaro, Takizawa",1000073989,Left,WAS_EDA,,8,Top,1,0,0,,,StrikeCalled,Undefined,Undefined,,Undefined,0,0,,,,,,,,,,,,,,,,,,,,,,,,,,,,,,,,,,,,,,,,,,KEI_KEI,WAS_EDA,JinguStadium,TeamExclusive,Team,20201107-JinguStadium-1,,,v3,,,,,,,KEI_KEI,,,,,,,,,,,,,,,,,,,,,,,,,,,,,,,,,,,,,,,,,,,,,,,,,,,,,,,,,,,,,,,,,,,,,,山口 智久
216,2020/11/8,,2020/11/8,,2,2,"Naofumi, Kizawa",1000073254,Right,KEI_KEI,"Kotaro, Takizawa",1000073989,Left,WAS_EDA,,8,Top,1,0,1,,,BallCalled,Undefined,Undefined,,Undefined,0,0,,,,,,,,,,,,,,,,,,,,,,,,,,,,,,,,,,,,,,,,,,KEI_KEI,WAS_EDA,JinguStadium,TeamExclusive,Team,20201107-JinguStadium-1,,,v3,,,,,,,KEI_KEI,,,,,,,,,,,,,,,,,,,,,,,,,,,,,,,,,,,,,,,,,,,,,,,,,,,,,,,,,,,,,,,,,,,,,,山口 智久
217,2020/11/8,,2020/11/8,,2,3,"Naofumi, Kizawa",1000073254,Right,KEI_KEI,"Kotaro, Takizawa",1000073989,Left,WAS_EDA,,8,Top,1,1,1,,,FoulBall,Undefined,Undefined,,Undefined,0,0,,,,,,,,,,,,,,,,,,,,,,,,,,,,,,,,,,,,,,,,,,KEI_KEI,WAS_EDA,JinguStadium,TeamExclusive,Team,20201107-JinguStadium-1,,,v3,,,,,,,KEI_KEI,,,,,,,,,,,,,,,,,,,,,,,,,,,,,,,,,,,,,,,,,,,,,,,,,,,,,,,,,,,,,,,,,,,,,,山口 智久
218,2020/11/8,,2020/11/8,,2,4,"Naofumi, Kizawa",1000073254,Right,KEI_KEI,"Kotaro, Takizawa",1000073989,Left,WAS_EDA,,8,Top,1,1,2,,,StrikeCalled,Strikeout,Undefined,,Undefined,0,0,,,,,,,,,,,,,,,,,,,,,,,,,,,,,,,,,,,,,,,,,,KEI_KEI,WAS_EDA,JinguStadium,TeamExclusive,Team,20201107-JinguStadium-1,,,v3,,,,,,,KEI_KEI,,,,,,,,,,,,,,,,,,,,,,,,,,,,,,,,,,,,,,,,,,,,,,,,,,,,,,,,,,,,,,,,,,,,,,山口 智久
219,2020/11/8,,2020/11/8,,3,1,"Naofumi, Kizawa",1000073254,Right,KEI_KEI,"Hisashige, Iwamoto",1000074023,Right,WAS_EDA,,8,Top,2,0,0,,,InPlay,Undefined,Popup,,Out,1,0,,,,,,,,,,,,,,,,,,,,,,,,,,,,,,,,,,,,,,,,,,KEI_KEI,WAS_EDA,JinguStadium,TeamExclusive,Team,20201107-JinguStadium-1,,,v3,,,,,,,KEI_KEI,,,,,,,,,,,,,,,,,,,,,,,,,,,,,,,,,,,,,,,,,,,,,,,,,,,,,,,,,,,,,,,,,,,,,,山口 智久
220,2020/11/8,,2020/11/8,,1,1,"Jin, Shibata",1000073956,Right,WAS_EDA,"Haruto, Watanabe",1000073445,Right,KEI_KEI,,8,Bottom,0,0,0,,,StrikeCalled,Undefined,Undefined,,Undefined,0,0,,,,,,,,,,,,,,,,,,,,,,,,,,,,,,,,,,,,,,,,,,KEI_KEI,WAS_EDA,JinguStadium,TeamExclusive,Team,20201107-JinguStadium-1,,,v3,,,,,,,WAS_EDA,,,,,,,,,,,,,,,,,,,,,,,,,,,,,,,,,,,,,,,,,,,,,,,,,,,,,,,,,,,,,,,,,,,,,,山口 智久
221,2020/11/8,,2020/11/8,,1,2,"Jin, Shibata",1000073956,Right,WAS_EDA,"Haruto, Watanabe",1000073445,Right,KEI_KEI,,8,Bottom,0,0,1,,,InPlay,Undefined,Popup,,Out,1,0,,,,,,,,,,,,,,,,,,,,,,,,,,,,,,,,,,,,,,,,,,KEI_KEI,WAS_EDA,JinguStadium,TeamExclusive,Team,20201107-JinguStadium-1,,,v3,,,,,,,WAS_EDA,,,,,,,,,,,,,,,,,,,,,,,,,,,,,,,,,,,,,,,,,,,,,,,,,,,,,,,,,,,,,,,,,,,,,,山口 智久
222,2020/11/8,,2020/11/8,,2,1,"Jin, Shibata",1000073956,Right,WAS_EDA,"Ryuta, Hirose",1000089826,Right,KEI_KEI,,8,Bottom,1,0,0,,,FoulBall,Undefined,Undefined,,Undefined,0,0,,,,,,,,,,,,,,,,,,,,,,,,,,,,,,,,,,,,,,,,,,KEI_KEI,WAS_EDA,JinguStadium,TeamExclusive,Team,20201107-JinguStadium-1,,,v3,,,,,,,WAS_EDA,,,,,,,,,,,,,,,,,,,,,,,,,,,,,,,,,,,,,,,,,,,,,,,,,,,,,,,,,,,,,,,,,,,,,,山口 智久
223,2020/11/8,,2020/11/8,,2,2,"Jin, Shibata",1000073956,Right,WAS_EDA,"Ryuta, Hirose",1000089826,Right,KEI_KEI,,8,Bottom,1,0,1,,,StrikeCalled,Undefined,Undefined,,Undefined,0,0,,,,,,,,,,,,,,,,,,,,,,,,,,,,,,,,,,,,,,,,,,KEI_KEI,WAS_EDA,JinguStadium,TeamExclusive,Team,20201107-JinguStadium-1,,,v3,,,,,,,WAS_EDA,,,,,,,,,,,,,,,,,,,,,,,,,,,,,,,,,,,,,,,,,,,,,,,,,,,,,,,,,,,,,,,,,,,,,,山口 智久
224,2020/11/8,,2020/11/8,,2,3,"Jin, Shibata",1000073956,Right,WAS_EDA,"Ryuta, Hirose",1000089826,Right,KEI_KEI,,8,Bottom,1,0,2,,,StrikeCalled,Strikeout,Undefined,,Undefined,0,0,,,,,,,,,,,,,,,,,,,,,,,,,,,,,,,,,,,,,,,,,,KEI_KEI,WAS_EDA,JinguStadium,TeamExclusive,Team,20201107-JinguStadium-1,,,v3,,,,,,,WAS_EDA,,,,,,,,,,,,,,,,,,,,,,,,,,,,,,,,,,,,,,,,,,,,,,,,,,,,,,,,,,,,,,,,,,,,,,山口 智久
225,2020/11/8,,2020/11/8,,3,1,"Jin, Shibata",1000073956,Right,WAS_EDA,"Yusuke, Shimoyama",1000073403,Left,KEI_KEI,,8,Bottom,2,0,0,,,InPlay,Undefined,GroundBall,,Single,0,0,,,,,,,,,,,,,,,,,,,,,,,,,,,,,,,,,,,,,,,,,,KEI_KEI,WAS_EDA,JinguStadium,TeamExclusive,Team,20201107-JinguStadium-1,,,v3,,,,,,,WAS_EDA,,,,,,,,,,,,,,,,,,,,,,,,,,,,,,,,,,,,,,,,,,,,,,,,,,,,,,,,,,,,,,,,,,,,,,山口 智久
226,2020/11/8,,2020/11/8,,4,1,"Jin, Shibata",1000073956,Right,WAS_EDA,"Tomoya, Masaki",1000073443,Right,KEI_KEI,,8,Bottom,2,0,0,,,StrikeCalled,Undefined,Undefined,,Undefined,0,0,1,,,,,,,,,,,,,,,,,,,,,,,,,,,,,,,,,,,,,,,,,KEI_KEI,WAS_EDA,JinguStadium,TeamExclusive,Team,20201107-JinguStadium-1,,,v3,,,,,,,WAS_EDA,,,,,,,,,,,,,,,,,,,,,,,,,,,,,,,,,,,,,,,,,,,,,,,,,,,,,,,,,,,,,,,,,,,,,,山口 智久
227,2020/11/8,,2020/11/8,,4,2,"Jin, Shibata",1000073956,Right,WAS_EDA,"Tomoya, Masaki",1000073443,Right,KEI_KEI,,8,Bottom,2,0,1,,,InPlay,Undefined,GroundBall,,Single,0,0,1,,,,,,,,,,,,,,,,,,,,,,,,,,,,,,,,,,,,,,,,,KEI_KEI,WAS_EDA,JinguStadium,TeamExclusive,Team,20201107-JinguStadium-1,,,v3,,,,,,,WAS_EDA,,,,,,,,,,,,,,,,,,,,,,,,,,,,,,,,,,,,,,,,,,,,,,,,,,,,,,,,,,,,,,,,,,,,,,山口 智久
228,2020/11/8,,2020/11/8,,5,1,"Takahisa, Hayakawa",1000073877,Left,WAS_EDA,"Yoshiyuki, Mizukubo",1000073435,Right,KEI_KEI,,8,Bottom,2,0,0,,,BallCalled,Undefined,Undefined,,Undefined,0,0,"1,3",,,,,,,,,,,,,,,,,,,,,,,,,,,,,,,,,,,,,,,,,KEI_KEI,WAS_EDA,JinguStadium,TeamExclusive,Team,20201107-JinguStadium-1,,,v3,,,,,,,WAS_EDA,,,,,,,,,,,,,,,,,,,,,,,,,,,,,,,,,,,,,,,,,,,,,,,,,,,,,,,,,,,,,,,,,,,,,,山口 智久
229,2020/11/8,,2020/11/8,,5,2,"Takahisa, Hayakawa",1000073877,Left,WAS_EDA,"Yoshiyuki, Mizukubo",1000073435,Right,KEI_KEI,,8,Bottom,2,1,0,,,StrikeSwinging,Undefined,Undefined,,Undefined,0,0,"1,3",,,,,,,,,,,,,,,,,,,,,,,,,,,,,,,,,,,,,,,,,KEI_KEI,WAS_EDA,JinguStadium,TeamExclusive,Team,20201107-JinguStadium-1,,,v3,,,,,,,WAS_EDA,,,,,,,,,,,,,,,,,,,,,,,,,,,,,,,,,,,,,,,,,,,,,,,,,,,,,,,,,,,,,,,,,,,,,,山口 智久
230,2020/11/8,,2020/11/8,,5,3,"Takahisa, Hayakawa",1000073877,Left,WAS_EDA,"Yoshiyuki, Mizukubo",1000073435,Right,KEI_KEI,,8,Bottom,2,1,1,,,StrikeSwinging,Undefined,Undefined,,Undefined,0,0,"1,3",,,,,,,,,,,,,,,,,,,,,,,,,,,,,,,,,,,,,,,,,KEI_KEI,WAS_EDA,JinguStadium,TeamExclusive,Team,20201107-JinguStadium-1,,,v3,,,,,,,WAS_EDA,,,,,,,,,,,,,,,,,,,,,,,,,,,,,,,,,,,,,,,,,,,,,,,,,,,,,,,,,,,,,,,,,,,,,,山口 智久
231,2020/11/8,,2020/11/8,,5,4,"Takahisa, Hayakawa",1000073877,Left,WAS_EDA,"Yoshiyuki, Mizukubo",1000073435,Right,KEI_KEI,,8,Bottom,2,1,2,,,InPlay,Undefined,FlyBall,,Out,1,0,"1,3",,,,,,,,,,,,,,,,,,,,,,,,,,,,,,,,,,,,,,,,,KEI_KEI,WAS_EDA,JinguStadium,TeamExclusive,Team,20201107-JinguStadium-1,,,v3,,,,,,,WAS_EDA,,,,,,,,,,,,,,,,,,,,,,,,,,,,,,,,,,,,,,,,,,,,,,,,,,,,,,,,,,,,,,,,,,,,,,山口 智久
232,2020/11/8,,2020/11/8,,1,1,"Naofumi, Kizawa",1000073254,Right,KEI_KEI,"Masashi, Maruyama",1000074031,Left,WAS_EDA,,9,Top,0,0,0,,,BallCalled,Undefined,Undefined,,Undefined,0,0,,,,,,,,,,,,,,,,,,,,,,,,,,,,,,,,,,,,,,,,,,KEI_KEI,WAS_EDA,JinguStadium,TeamExclusive,Team,20201107-JinguStadium-1,,,v3,,,,,,,KEI_KEI,,,,,,,,,,,,,,,,,,,,,,,,,,,,,,,,,,,,,,,,,,,,,,,,,,,,,,,,,,,,,,,,,,,,,,山口 智久
233,2020/11/8,,2020/11/8,,1,2,"Naofumi, Kizawa",1000073254,Right,KEI_KEI,"Masashi, Maruyama",1000074031,Left,WAS_EDA,,9,Top,0,1,0,,,BallCalled,Undefined,Undefined,,Undefined,0,0,,,,,,,,,,,,,,,,,,,,,,,,,,,,,,,,,,,,,,,,,,KEI_KEI,WAS_EDA,JinguStadium,TeamExclusive,Team,20201107-JinguStadium-1,,,v3,,,,,,,KEI_KEI,,,,,,,,,,,,,,,,,,,,,,,,,,,,,,,,,,,,,,,,,,,,,,,,,,,,,,,,,,,,,,,,,,,,,,山口 智久
234,2020/11/8,,2020/11/8,,1,3,"Naofumi, Kizawa",1000073254,Right,KEI_KEI,"Masashi, Maruyama",1000074031,Left,WAS_EDA,,9,Top,0,2,0,,,StrikeCalled,Undefined,Undefined,,Undefined,0,0,,,,,,,,,,,,,,,,,,,,,,,,,,,,,,,,,,,,,,,,,,KEI_KEI,WAS_EDA,JinguStadium,TeamExclusive,Team,20201107-JinguStadium-1,,,v3,,,,,,,KEI_KEI,,,,,,,,,,,,,,,,,,,,,,,,,,,,,,,,,,,,,,,,,,,,,,,,,,,,,,,,,,,,,,,,,,,,,,山口 智久
235,2020/11/8,,2020/11/8,,1,4,"Naofumi, Kizawa",1000073254,Right,KEI_KEI,"Masashi, Maruyama",1000074031,Left,WAS_EDA,,9,Top,0,2,1,,,StrikeSwinging,Undefined,Undefined,,Undefined,0,0,,,,,,,,,,,,,,,,,,,,,,,,,,,,,,,,,,,,,,,,,,KEI_KEI,WAS_EDA,JinguStadium,TeamExclusive,Team,20201107-JinguStadium-1,,,v3,,,,,,,KEI_KEI,,,,,,,,,,,,,,,,,,,,,,,,,,,,,,,,,,,,,,,,,,,,,,,,,,,,,,,,,,,,,,,,,,,,,,山口 智久
236,2020/11/8,,2020/11/8,,1,5,"Naofumi, Kizawa",1000073254,Right,KEI_KEI,"Masashi, Maruyama",1000074031,Left,WAS_EDA,,9,Top,0,2,2,,,StrikeSwinging,Strikeout,Undefined,,Undefined,0,0,,,,,,,,,,,,,,,,,,,,,,,,,,,,,,,,,,,,,,,,,,KEI_KEI,WAS_EDA,JinguStadium,TeamExclusive,Team,20201107-JinguStadium-1,,,v3,,,,,,,KEI_KEI,,,,,,,,,,,,,,,,,,,,,,,,,,,,,,,,,,,,,,,,,,,,,,,,,,,,,,,,,,,,,,,,,,,,,,山口 智久
237,2020/11/8,,2020/11/8,,2,1,"Naofumi, Kizawa",1000073254,Right,KEI_KEI,"Kenta, Nomura",1000089887,Right,WAS_EDA,,9,Top,1,0,0,,,FoulBall,Undefined,Undefined,,Undefined,0,0,,,,,,,,,,,,,,,,,,,,,,,,,,,,,,,,,,,,,,,,,,KEI_KEI,WAS_EDA,JinguStadium,TeamExclusive,Team,20201107-JinguStadium-1,,,v3,,,,,,,KEI_KEI,,,,,,,,,,,,,,,,,,,,,,,,,,,,,,,,,,,,,,,,,,,,,,,,,,,,,,,,,,,,,,,,,,,,,,山口 智久
238,2020/11/8,,2020/11/8,,2,2,"Naofumi, Kizawa",1000073254,Right,KEI_KEI,"Kenta, Nomura",1000089887,Right,WAS_EDA,,9,Top,1,0,1,,,StrikeSwinging,Undefined,Undefined,,Undefined,0,0,,,,,,,,,,,,,,,,,,,,,,,,,,,,,,,,,,,,,,,,,,KEI_KEI,WAS_EDA,JinguStadium,TeamExclusive,Team,20201107-JinguStadium-1,,,v3,,,,,,,KEI_KEI,,,,,,,,,,,,,,,,,,,,,,,,,,,,,,,,,,,,,,,,,,,,,,,,,,,,,,,,,,,,,,,,,,,,,,山口 智久
239,2020/11/8,,2020/11/8,,2,3,"Naofumi, Kizawa",1000073254,Right,KEI_KEI,"Kenta, Nomura",1000089887,Right,WAS_EDA,,9,Top,1,0,2,,,BallCalled,Undefined,Undefined,,Undefined,0,0,,,,,,,,,,,,,,,,,,,,,,,,,,,,,,,,,,,,,,,,,,KEI_KEI,WAS_EDA,JinguStadium,TeamExclusive,Team,20201107-JinguStadium-1,,,v3,,,,,,,KEI_KEI,,,,,,,,,,,,,,,,,,,,,,,,,,,,,,,,,,,,,,,,,,,,,,,,,,,,,,,,,,,,,,,,,,,,,,山口 智久
240,2020/11/8,,2020/11/8,,2,4,"Naofumi, Kizawa",1000073254,Right,KEI_KEI,"Kenta, Nomura",1000089887,Right,WAS_EDA,,9,Top,1,1,2,,,InPlay,Undefined,FlyBall,,Out,1,0,,,,,,,,,,,,,,,,,,,,,,,,,,,,,,,,,,,,,,,,,,KEI_KEI,WAS_EDA,JinguStadium,TeamExclusive,Team,20201107-JinguStadium-1,,,v3,,,,,,,KEI_KEI,,,,,,,,,,,,,,,,,,,,,,,,,,,,,,,,,,,,,,,,,,,,,,,,,,,,,,,,,,,,,,,,,,,,,,山口 智久
241,2020/11/8,,2020/11/8,,3,1,"Naofumi, Kizawa",1000073254,Right,KEI_KEI,"Toyo, Kumada",1000089879,Left,WAS_EDA,,9,Top,2,0,0,,,InPlay,Undefined,GroundBall,,Single,0,0,,,,,,,,,,,,,,,,,,,,,,,,,,,,,,,,,,,,,,,,,,KEI_KEI,WAS_EDA,JinguStadium,TeamExclusive,Team,20201107-JinguStadium-1,,,v3,,,,,,,KEI_KEI,,,,,,,,,,,,,,,,,,,,,,,,,,,,,,,,,,,,,,,,,,,,,,,,,,,,,,,,,,,,,,,,,,,,,,山口 智久
242,2020/11/8,,2020/11/8,,4,1,"Junki, Namai",1000073326,Left,KEI_KEI,"Takuya, Hiruma",1000074108,Left,WAS_EDA,,9,Top,2,0,0,,,InPlay,Undefined,FlyBall,,HomeRun,0,2,1,,,,,,,,,,,,,,,,,,,,,,,,,,,,,,,,,,,,,,,,,KEI_KEI,WAS_EDA,JinguStadium,TeamExclusive,Team,20201107-JinguStadium-1,,,v3,,,,,,,KEI_KEI,,,,,,,,,,,,,,,,,,,,,,,,,,,,,,,,,,,,,,,,,,,,,,,,,,,,,,,,,,,,,,,,,,,,,,山口 智久
243,2020/11/8,,2020/11/8,,5,1,"Junki, Namai",1000073326,Left,KEI_KEI,"Takahisa, Hayakawa",1000073877,Left,WAS_EDA,,9,Top,2,0,0,,,InPlay,Undefined,GroundBall,,Out,1,0,,,,,,,,,,,,,,,,,,,,,,,,,,,,,,,,,,,,,,,,,,KEI_KEI,WAS_EDA,JinguStadium,TeamExclusive,Team,20201107-JinguStadium-1,,,v3,,,,,,,KEI_KEI,,,,,,,,,,,,,,,,,,,,,,,,,,,,,,,,,,,,,,,,,,,,,,,,,,,,,,,,,,,,,,,,,,,,,,山口 智久
244,2020/11/8,,2020/11/8,,1,1,"Takahisa, Hayakawa",1000073877,Left,WAS_EDA,"Tomoya, Furukawa",1000073414,Right,KEI_KEI,,9,Bottom,0,0,0,,,InPlay,Undefined,Popup,,Out,1,0,,,,,,,,,,,,,,,,,,,,,,,,,,,,,,,,,,,,,,,,,,KEI_KEI,WAS_EDA,JinguStadium,TeamExclusive,Team,20201107-JinguStadium-1,,,v3,,,,,,,WAS_EDA,,,,,,,,,,,,,,,,,,,,,,,,,,,,,,,,,,,,,,,,,,,,,,,,,,,,,,,,,,,,,,,,,,,,,,山口 智久
245,2020/11/8,,2020/11/8,,2,1,"Takahisa, Hayakawa",1000073877,Left,WAS_EDA,"Sho, Shimada",1000073380,Right,KEI_KEI,,9,Bottom,1,0,0,,,StrikeSwinging,Undefined,Undefined,,Undefined,0,0,,,,,,,,,,,,,,,,,,,,,,,,,,,,,,,,,,,,,,,,,,KEI_KEI,WAS_EDA,JinguStadium,TeamExclusive,Team,20201107-JinguStadium-1,,,v3,,,,,,,WAS_EDA,,,,,,,,,,,,,,,,,,,,,,,,,,,,,,,,,,,,,,,,,,,,,,,,,,,,,,,,,,,,,,,,,,,,,,山口 智久
246,2020/11/8,,2020/11/8,,2,2,"Takahisa, Hayakawa",1000073877,Left,WAS_EDA,"Sho, Shimada",1000073380,Right,KEI_KEI,,9,Bottom,1,0,1,,,StrikeSwinging,Undefined,Undefined,,Undefined,0,0,,,,,,,,,,,,,,,,,,,,,,,,,,,,,,,,,,,,,,,,,,KEI_KEI,WAS_EDA,JinguStadium,TeamExclusive,Team,20201107-JinguStadium-1,,,v3,,,,,,,WAS_EDA,,,,,,,,,,,,,,,,,,,,,,,,,,,,,,,,,,,,,,,,,,,,,,,,,,,,,,,,,,,,,,,,,,,,,,山口 智久
247,2020/11/8,,2020/11/8,,2,3,"Takahisa, Hayakawa",1000073877,Left,WAS_EDA,"Sho, Shimada",1000073380,Right,KEI_KEI,,9,Bottom,1,0,2,,,InPlay,Undefined,GroundBall,,Single,0,0,,,,,,,,,,,,,,,,,,,,,,,,,,,,,,,,,,,,,,,,,,KEI_KEI,WAS_EDA,JinguStadium,TeamExclusive,Team,20201107-JinguStadium-1,,,v3,,,,,,,WAS_EDA,,,,,,,,,,,,,,,,,,,,,,,,,,,,,,,,,,,,,,,,,,,,,,,,,,,,,,,,,,,,,,,,,,,,,,山口 智久
248,2020/11/8,,2020/11/8,,3,1,"Takahisa, Hayakawa",1000073877,Left,WAS_EDA,"Kyosuke, Ueta",1000073347,Right,KEI_KEI,,9,Bottom,1,0,0,,,StrikeSwinging,Undefined,Undefined,,Undefined,0,0,1,,,,,,,,,,,,,,,,,,,,,,,,,,,,,,,,,,,,,,,,,KEI_KEI,WAS_EDA,JinguStadium,TeamExclusive,Team,20201107-JinguStadium-1,,,v3,,,,,,,WAS_EDA,,,,,,,,,,,,,,,,,,,,,,,,,,,,,,,,,,,,,,,,,,,,,,,,,,,,,,,,,,,,,,,,,,,,,,山口 智久
249,2020/11/8,,2020/11/8,,3,2,"Takahisa, Hayakawa",1000073877,Left,WAS_EDA,"Kyosuke, Ueta",1000073347,Right,KEI_KEI,,9,Bottom,1,0,1,,,StrikeSwinging,Undefined,Undefined,,Undefined,0,0,1,,,,,,,,,,,,,,,,,,,,,,,,,,,,,,,,,,,,,,,,,KEI_KEI,WAS_EDA,JinguStadium,TeamExclusive,Team,20201107-JinguStadium-1,,,v3,,,,,,,WAS_EDA,,,,,,,,,,,,,,,,,,,,,,,,,,,,,,,,,,,,,,,,,,,,,,,,,,,,,,,,,,,,,,,,,,,,,,山口 智久
250,2020/11/8,,2020/11/8,,3,3,"Takahisa, Hayakawa",1000073877,Left,WAS_EDA,"Kyosuke, Ueta",1000073347,Right,KEI_KEI,,9,Bottom,1,0,2,,,InPlay,Undefined,Popup,,Out,1,0,1,,,,,,,,,,,,,,,,,,,,,,,,,,,,,,,,,,,,,,,,,KEI_KEI,WAS_EDA,JinguStadium,TeamExclusive,Team,20201107-JinguStadium-1,,,v3,,,,,,,WAS_EDA,,,,,,,,,,,,,,,,,,,,,,,,,,,,,,,,,,,,,,,,,,,,,,,,,,,,,,,,,,,,,,,,,,,,,,山口 智久
251,2020/11/8,,2020/11/8,,4,1,"Takahisa, Hayakawa",1000073877,Left,WAS_EDA,"Yuta, Fujimoto",1000073430,Right,KEI_KEI,,9,Bottom,2,0,0,,,BallCalled,Undefined,Undefined,,Undefined,0,0,1,,,,,,,,,,,,,,,,,,,,,,,,,,,,,,,,,,,,,,,,,KEI_KEI,WAS_EDA,JinguStadium,TeamExclusive,Team,20201107-JinguStadium-1,,,v3,,,,,,,WAS_EDA,,,,,,,,,,,,,,,,,,,,,,,,,,,,,,,,,,,,,,,,,,,,,,,,,,,,,,,,,,,,,,,,,,,,,,山口 智久
252,2020/11/8,,2020/11/8,,4,2,"Takahisa, Hayakawa",1000073877,Left,WAS_EDA,"Yuta, Fujimoto",1000073430,Right,KEI_KEI,,9,Bottom,2,1,0,,,StrikeSwinging,Undefined,Undefined,,Undefined,0,0,1,,,,,,,,,,,,,,,,,,,,,,,,,,,,,,,,,,,,,,,,,KEI_KEI,WAS_EDA,JinguStadium,TeamExclusive,Team,20201107-JinguStadium-1,,,v3,,,,,,,WAS_EDA,,,,,,,,,,,,,,,,,,,,,,,,,,,,,,,,,,,,,,,,,,,,,,,,,,,,,,,,,,,,,,,,,,,,,,山口 智久
253,2020/11/8,,2020/11/8,,4,3,"Takahisa, Hayakawa",1000073877,Left,WAS_EDA,"Yuta, Fujimoto",1000073430,Right,KEI_KEI,,9,Bottom,2,1,1,,,StrikeCalled,Undefined,Undefined,,Undefined,0,0,1,,,,,,,,,,,,,,,,,,,,,,,,,,,,,,,,,,,,,,,,,KEI_KEI,WAS_EDA,JinguStadium,TeamExclusive,Team,20201107-JinguStadium-1,,,v3,,,,,,,WAS_EDA,,,,,,,,,,,,,,,,,,,,,,,,,,,,,,,,,,,,,,,,,,,,,,,,,,,,,,,,,,,,,,,,,,,,,,山口 智久
254,2020/11/8,,2020/11/8,,4,4,"Takahisa, Hayakawa",1000073877,Left,WAS_EDA,"Yuta, Fujimoto",1000073430,Right,KEI_KEI,,9,Bottom,2,1,2,,,StrikeSwinging,Strikeout,Undefined,,Undefined,0,0,1,,,,,,,,,,,,,,,,,,,,,,,,,,,,,,,,,,,,,,,,,KEI_KEI,WAS_EDA,JinguStadium,TeamExclusive,Team,20201107-JinguStadium-1,,,v3,,,,,,,WAS_EDA,,,,,,,,,,,,,,,,,,,,,,,,,,,,,,,,,,,,,,,,,,,,,,,,,,,,,,,,,,,,,,,,,,,,,,山口 智久
